Durchgang;flaechen_ID;art;deckung;gesamtbluetendeckung;anzahl
1;HE-BV-AFS-P0;Stellaria media;3;0;
1;HE-BV-AFS-P1;Lamium album;3;1;
1;HE-BV-AFS-P1;Lamium purpureum;1;1;
1;HE-BV-AFS-P1;Lonicera xylosteum;2;1;
1;HE-BV-AFS-P1;Salix viminalis;3;1;
1;HE-BV-AFS-P1;Stellaria media;0;1;
1;HE-BV-AFS-P1;Thlaspi arvense;0;1;
1;HE-BV-AFS-P1;Veronica persica;0;1;
1;HE-BV-AFS-P2;Taraxacum sectio Ruderalia;NA;0;
1;HE-BV-AFS-P2;Thlaspi arvense;NA;0;
1;HE-BV-AFS-P2;Veronica hederifolia;NA;0;
1;HE-BV-AFS-P3;Cerastium glomeratum;NA;1;
1;HE-BV-AFS-P3;Lamium album;NA;1;
1;HE-BV-AFS-P3;Lonicera xylosteum;NA;1;
1;HE-BV-AFS-P3;Taraxacum sectio Ruderalia;NA;1;
1;HE-BV-AFS-P3;Thlaspi arvense;NA;1;
1;HE-BV-AFS-P3;Veronica hederifolia;NA;1;
1;HE-BV-AFS-P4;Capsella bursa-pastoris;1;0;
1;HE-BV-AFS-P4;Stellaria media;3;0;
1;HE-BV-AFS-P4;Thlaspi arvense;2;0;
1;HE-BV-AFS-P5;Lamium purpureum;1;1;
1;HE-BV-AFS-P5;Lonicera xylosteum;3;1;
1;HE-BV-AFS-P5;Salix spec.;1;1;
1;HE-BV-AFS-P5;Stellaria media;0;1;
1;HE-BV-AFS-P6;Lamium purpureum;3;0;
1;HE-BV-REF-P10;Lamium purpureum;3;0;
1;HE-BV-REF-P10;Stellaria media;1;0;
1;HE-BV-REF-P10;Taraxacum sectio Ruderalia;1;0;
1;HE-BV-REF-P10;Thlaspi arvense;2;0;
1;HE-BV-REF-P10;Veronica persica;3;0;
1;HE-BV-REF-P11;Taraxacum sectio Ruderalia;2;0;
1;HE-BV-REF-P11;Thlaspi arvense;2;0;
1;HE-BV-REF-P11;Veronica persica;3;0;
1;HE-BV-REF-P12;Thlaspi arvense;3;0;
1;HE-BV-REF-P12;Veronica hederifolia;1;0;
1;HE-BV-REF-P12;Veronica persica;3;0;
1;HE-BV-REF-P7;Taraxacum sectio Ruderalia;2;0;
1;HE-BV-REF-P7;Thlaspi arvense;2;0;
1;HE-BV-REF-P7;Veronica persica;3;0;
1;HE-BV-REF-P8;Thlaspi arvense;3;0;
1;HE-BV-REF-P8;Veronica hederifolia;1;0;
1;HE-BV-REF-P8;Veronica persica;3;0;
1;HE-BV-REF-P9;Arabidopsis thaliana;1;0;
1;HE-BV-REF-P9;Lamium amplexicaule;2;0;
1;HE-BV-REF-P9;Lamium purpureum;1;0;
1;HE-BV-REF-P9;Thlaspi arvense;2;0;
1;HE-BV-REF-P9;Veronica persica;3;0;
1;RLP-KW-AFS-P1;Malus domestica;1;1;
1;RLP-KW-AFS-P1;Cydonia oblonga;1;1;
1;RLP-KW-AFS-P1;Lepidium draba;3;1;
1;RLP-KW-AFS-P2; ;NA;0;
1;RLP-KW-AFS-P3;Malus domestica;2;1;
1;RLP-KW-AFS-P3;Berberis thunbergii;1;1;
1;RLP-KW-AFS-P3;Bunias orientalis;3;1;
1;RLP-KW-AFS-P3;Cydonia oblonga;3;1;
1;RLP-KW-AFS-P4;Veronica persica;3;0;
1;RLP-KW-AFS-P5;Berberis thunbergii;1;1;
1;RLP-KW-AFS-P5;Cydonia oblonga;3;1;
1;RLP-KW-AFS-P6;Bunias orientalis;2;1;
1;RLP-KW-AFS-P6;Lepidium draba;3;1;
1;RLP-KW-REF-P10;Bunias orientalis;3;1;
1;RLP-KW-REF-P10;Lamium purpureum;2;1;
1;RLP-KW-REF-P10;Veronica persica;1;1;
1;RLP-KW-REF-P11;Bunias orientalis;3;2;
1;RLP-KW-REF-P11;Lamium purpureum;2;2;
1;RLP-KW-REF-P11;Lepidium draba;3;2;
1;RLP-KW-REF-P12;Bunias orientalis;3;2;
1;RLP-KW-REF-P7;Bunias orientalis;3;2;
1;RLP-KW-REF-P7;Fumaria officinalis;1;2;
1;RLP-KW-REF-P7;Lamium purpureum;1;2;
1;RLP-KW-REF-P7;Lepidium draba;1;2;
1;RLP-KW-REF-P7;Veronica persica;1;2;
1;RLP-KW-REF-P8;Bunias orientalis;2;1;
1;RLP-KW-REF-P8;Lamium purpureum;3;1;
1;RLP-KW-REF-P8;Stellaria media;1;1;
1;RLP-KW-REF-P8;Veronica persica;1;1;
1;RLP-KW-REF-P9;Bunias orientalis;3;1;
1;RLP-KW-REF-P9;Lamium purpureum;2;1;
1;RLP-KW-REF-P9;Lepidium draba;1;1;
1;HE-WI-AFS-P1;Malus domestica;1;1;
1;HE-WI-AFS-P1;Malus domestica;1;1;
1;HE-WI-AFS-P1;Cytisus scoparius;1;1;
1;HE-WI-AFS-P1;Pyrus communis;2;1;
1;HE-WI-AFS-P1;Taraxacum sectio Ruderalia;1;1;
1;HE-WI-AFS-P10;Bellis perennis;1;0;
1;HE-WI-AFS-P10;Taraxacum sectio Ruderalia;3;0;
1;HE-WI-AFS-P11;Taraxacum sectio Ruderalia;3;1;
1;HE-WI-AFS-P12;Lamium purpureum;1;0;
1;HE-WI-AFS-P12;Taraxacum sectio Ruderalia;3;0;
1;HE-WI-AFS-P2;Taraxacum sectio Ruderalia;3;1;
1;HE-WI-AFS-P3;Bergenia crassifolia;1;1;
1;HE-WI-AFS-P3;Cytisus scoparius;1;1;
1;HE-WI-AFS-P3;Pyrus communis;1;1;
1;HE-WI-AFS-P3;Rosmarinus officinalis;1;1;
1;HE-WI-AFS-P3;Taraxacum sectio Ruderalia;1;1;
1;HE-WI-AFS-P4;Bellis perennis;1;1;
1;HE-WI-AFS-P4;Taraxacum sectio Ruderalia;3;1;
1;HE-WI-AFS-P5;Brassica oleracea;2;1;
1;HE-WI-AFS-P5;Prunus avium;1;1;
1;HE-WI-AFS-P5;Prunus domestica;1;1;
1;HE-WI-AFS-P5;Pyrus communis;1;1;
1;HE-WI-AFS-P5;Pyrus pyrifolia;1;1;
1;HE-WI-AFS-P6;Taraxacum sectio Ruderalia;3;1;
1;HE-WI-AFS-P7;Taraxacum sectio Ruderalia;3;1;
1;HE-WI-AFS-P7;Veronica persica;2;1;
1;HE-WI-AFS-P8;Taraxacum sectio Ruderalia;3;1;
1;HE-WI-AFS-P9;Taraxacum sectio Ruderalia;3;1;
1;HE-WI-AFS-P9;Veronica persica;2;1;
1;RLP-WIT-AFS-P1;Amelanchier lamarckii;1;2;
1;RLP-WIT-AFS-P1;Argyranthemum frutescens;0;2;
1;RLP-WIT-AFS-P1;Barbarea verna;1;2;
1;RLP-WIT-AFS-P1;Bellis perennis;1;2;
1;RLP-WIT-AFS-P1;Berberis aquifolium;1;2;
1;RLP-WIT-AFS-P1;Brassica oleracea;1;2;
1;RLP-WIT-AFS-P1;Cardamine hirsuta;1;2;
1;RLP-WIT-AFS-P1;Erysimum cheiri;1;2;
1;RLP-WIT-AFS-P1;Euphorbia graminae;0;2;
1;RLP-WIT-AFS-P1;Fragaria spec.;1;2;
1;RLP-WIT-AFS-P1;Galium odoratum;1;2;
1;RLP-WIT-AFS-P1;Hyacinthus orientalis;0;2;
1;RLP-WIT-AFS-P1;Lamium album;1;2;
1;RLP-WIT-AFS-P1;Lamium purpureum;2;2;
1;RLP-WIT-AFS-P1;Lunaria annua;0;2;
1;RLP-WIT-AFS-P1;Myosotis sylvatica;2;2;
1;RLP-WIT-AFS-P1;Osteospermum cv.;0;2;
1;RLP-WIT-AFS-P1;Prunus serotina;1;2;
1;RLP-WIT-AFS-P1;Rheum rhabarbarum;1;2;
1;RLP-WIT-AFS-P1;Ribes nigrum;0;2;
1;RLP-WIT-AFS-P1;Ribes rubrum;1;2;
1;RLP-WIT-AFS-P1;Stellaria media;0;2;
1;RLP-WIT-AFS-P1;Taraxacum sectio Ruderalia;1;2;
1;RLP-WIT-AFS-P1;Tulipa spec.;1;2;
1;RLP-WIT-AFS-P1;Veronica hederifolia;0;2;
1;RLP-WIT-AFS-P1;Veronica persica;0;2;
1;RLP-WIT-AFS-P1;Viola wittrockiana;1;2;
1;RLP-WIT-AFS-P2;Taraxacum sectio Ruderalia;3;0;
1;RLP-WIT-AFS-P2;Veronica persica;3;0;
1;RLP-WIT-AFS-P3;Malus domestica;1;2;
1;RLP-WIT-AFS-P3;Amelanchier lamarckii;1;2;
1;RLP-WIT-AFS-P3;Barbarea verna;0;2;
1;RLP-WIT-AFS-P3;Brassica oleracea;0;2;
1;RLP-WIT-AFS-P3;Capsella bursa-pastoris;0;2;
1;RLP-WIT-AFS-P3;Caragana arborescens;1;2;
1;RLP-WIT-AFS-P3;Cardamine hirsuta;2;2;
1;RLP-WIT-AFS-P3;Chelidonium majus;1;2;
1;RLP-WIT-AFS-P3;Claytonia perfoliata;1;2;
1;RLP-WIT-AFS-P3;Cytisus multiflorus;1;2;
1;RLP-WIT-AFS-P3;Fragaria spec.;0;2;
1;RLP-WIT-AFS-P3;Lamium album;0;2;
1;RLP-WIT-AFS-P3;Lamium purpureum;2;2;
1;RLP-WIT-AFS-P3;Malcolmia maritima;1;2;
1;RLP-WIT-AFS-P3;Myosotis sylvatica;1;2;
1;RLP-WIT-AFS-P3;Prunus avium;1;2;
1;RLP-WIT-AFS-P3;Prunus serotina;1;2;
1;RLP-WIT-AFS-P3;Ribes rubrum;0;2;
1;RLP-WIT-AFS-P3;Stellaria media;0;2;
1;RLP-WIT-AFS-P3;Taraxacum sectio Ruderalia;1;2;
1;RLP-WIT-AFS-P3;Veronica arvensis;0;2;
1;RLP-WIT-AFS-P3;Veronica persica;1;2;
1;RLP-WIT-AFS-P4;Taraxacum sectio Ruderalia;3;0;
1;RLP-WIT-AFS-P5;Alliaria petiolata;0;2;
1;RLP-WIT-AFS-P5;Allium fistulosum;1;2;
1;RLP-WIT-AFS-P5;Capsella bursa-pastoris;2;2;
1;RLP-WIT-AFS-P5;Cardamine hirsuta;0;2;
1;RLP-WIT-AFS-P5;Eleagnus spec.;2;2;
1;RLP-WIT-AFS-P5;Lamium purpureum;2;2;
1;RLP-WIT-AFS-P5;Myosotis sylvatica;1;2;
1;RLP-WIT-AFS-P5;Prunus avium;1;2;
1;RLP-WIT-AFS-P5;Ribes nigrum;1;2;
1;RLP-WIT-AFS-P5;Ribes rubrum;1;2;
1;RLP-WIT-AFS-P5;Taraxacum sectio Ruderalia;1;2;
1;RLP-WIT-AFS-P5;Veronica persica;0;2;
1;RLP-WIT-AFS-P6;Taraxacum sectio Ruderalia;3;0;
1;RLP-WIT-REF-P10;Cerastium fontanum;1;1;
1;RLP-WIT-REF-P10;Cerastium glomeratum;1;1;
1;RLP-WIT-REF-P10;Draba verna;2;1;
1;RLP-WIT-REF-P10;Plantago lanceolata;2;1;
1;RLP-WIT-REF-P10;Taraxacum sectio Ruderalia;1;1;
1;RLP-WIT-REF-P10;Veronica arvensis;0;1;
1;RLP-WIT-REF-P10;Veronica serpyllifolia;2;1;
1;RLP-WIT-REF-P11;Cerastium fontanum;2;0;
1;RLP-WIT-REF-P11;Cerastium glomeratum;2;0;
1;RLP-WIT-REF-P11;Plantago lanceolata;2;0;
1;RLP-WIT-REF-P11;Taraxacum sectio Ruderalia;2;0;
1;RLP-WIT-REF-P11;Veronica arvensis;1;0;
1;RLP-WIT-REF-P11;Veronica persica;1;0;
1;RLP-WIT-REF-P12;Bellis perennis;1;0;
1;RLP-WIT-REF-P12;Cerastium fontanum;2;0;
1;RLP-WIT-REF-P12;Cerastium glomeratum;1;0;
1;RLP-WIT-REF-P12;Draba verna;1;0;
1;RLP-WIT-REF-P12;Ranunculus repens;1;0;
1;RLP-WIT-REF-P12;Taraxacum sectio Ruderalia;2;0;
1;RLP-WIT-REF-P12;Veronica arvensis;1;0;
1;RLP-WIT-REF-P7;Arabidopsis thaliana;2;1;
1;RLP-WIT-REF-P7;Cerastium fontanum;2;1;
1;RLP-WIT-REF-P7;Cerastium glomeratum;1;1;
1;RLP-WIT-REF-P7;Lamium purpureum;0;1;
1;RLP-WIT-REF-P7;Plantago lanceolata;3;1;
1;RLP-WIT-REF-P7;Taraxacum sectio Ruderalia;0;1;
1;RLP-WIT-REF-P7;Veronica arvensis;1;1;
1;RLP-WIT-REF-P8;Cerastium fontanum;2;1;
1;RLP-WIT-REF-P8;Cerastium glomeratum;2;1;
1;RLP-WIT-REF-P8;Draba verna;1;1;
1;RLP-WIT-REF-P8;Plantago lanceolata;2;1;
1;RLP-WIT-REF-P8;Stellaria media;1;1;
1;RLP-WIT-REF-P8;Veronica arvensis;2;1;
1;RLP-WIT-REF-P9;Cerastium glomeratum;1;1;
1;RLP-WIT-REF-P9;Draba verna;1;1;
1;RLP-WIT-REF-P9;Plantago lanceolata;2;1;
1;RLP-WIT-REF-P9;Veronica arvensis;1;1;
1;RLP-WIT-REF-P9;Veronica serpyllifolia;3;1;
2;HE-BV-AFS-P0;Capsella bursa-pastoris;1;1;
2;HE-BV-AFS-P0;Matricaria chamomilla;1;1;
2;HE-BV-AFS-P0;Stellaria media;3;1;
2;HE-BV-AFS-P0;Taraxacum sectio Ruderalia;1;1;
2;HE-BV-AFS-P0;Veronica arvensis;1;1;
2;HE-BV-AFS-P1;Cydonia oblonga;1;1;
2;HE-BV-AFS-P1;Lamium album;3;1;
2;HE-BV-AFS-P1;Matricaria chamomilla;1;1;
2;HE-BV-AFS-P1;Robinia pseudoacacia;3;1;
2;HE-BV-AFS-P1;Urtica dioica;0;1;
2;HE-BV-AFS-P1;Veronica persica;1;1;
2;HE-BV-AFS-P2;Matricaria chamomilla;3;0;
2;HE-BV-AFS-P3;Lamium album;3;1;
2;HE-BV-AFS-P3;Matricaria chamomilla;3;1;
2;HE-BV-AFS-P3;Robinia pseudoacacia;1;1;
2;HE-BV-AFS-P3;Sambucus nigra;1;1;
2;HE-BV-AFS-P3;Thlaspi arvense;1;1;
2;HE-BV-AFS-P3;Urtica dioica;3;1;
2;HE-BV-AFS-P3;Veronica persica;1;1;
2;HE-BV-AFS-P4;Matricaria chamomilla;3;0;
2;HE-BV-AFS-P4;Polygonum aviculare;1;0;
2;HE-BV-AFS-P5;Aquilegia vulgaris;2;0;
2;HE-BV-AFS-P5;Myosotis arvensis;3;0;
2;HE-BV-AFS-P6;Matricaria chamomilla;2;1;
2;HE-BV-AFS-P6;Raphanus raphanistrum;3;1;
2;HE-BV-AFS-P6;Sinapis arvensis;1;1;
2;HE-BV-REF-P10;Matricaria chamomilla;2;1;
2;HE-BV-REF-P10;Polygonum aviculare;1;1;
2;HE-BV-REF-P10;Raphanus raphanistrum;2;1;
2;HE-BV-REF-P10;Sinapis arvensis;2;1;
2;HE-BV-REF-P10;Veronica persica;1;1;
2;HE-BV-REF-P11;Matricaria chamomilla;3;1;
2;HE-BV-REF-P11;Polygonum aviculare;2;1;
2;HE-BV-REF-P11;Raphanus raphanistrum;1;1;
2;HE-BV-REF-P11;Sinapis arvense;2;1;
2;HE-BV-REF-P11;Thlaspi arvense;1;1;
2;HE-BV-REF-P11;Veronica persica;0;1;
2;HE-BV-REF-P12;Matricaria chamomilla;2;2;
2;HE-BV-REF-P12;Polygonum aviculare;2;2;
2;HE-BV-REF-P12;Raphanus raphanistrum;1;2;
2;HE-BV-REF-P12;Sinapis arvense;3;2;
2;HE-BV-REF-P7;Matricaria chamomilla;3;1;
2;HE-BV-REF-P7;Sinapis arvense;2;1;
2;HE-BV-REF-P7;Thlaspi arvense;1;1;
2;HE-BV-REF-P7;Veronica persica;1;1;
2;HE-BV-REF-P8;Matricaria chamomilla;3;2;
2;HE-BV-REF-P8;Polygonum aviculare;1;2;
2;HE-BV-REF-P8;Sinapis arvense;1;2;
2;HE-BV-REF-P8;Veronica arvensis;2;2;
2;HE-BV-REF-P8;Veronica persica;1;2;
2;HE-BV-REF-P9;Matricaria chamomilla;3;2;
2;HE-BV-REF-P9;Polygonum aviculare;1;2;
2;HE-BV-REF-P9;Raphanus raphanistrum;1;2;
2;HE-BV-REF-P9;Sinapis arvense;2;2;
2;HE-BV-REF-P9;Taraxacum sectio Ruderalia;1;2;
2;HE-BV-REF-P9;Veronica arvensis;1;2;
2;HE-BV-REF-P9;Veronica persica;1;2;
2;RLP-KW-AFS-P1;Cirsium arvense;1;2;
2;RLP-KW-AFS-P1;Dipsacus fullonum;3;2;
2;RLP-KW-AFS-P1;Sinapis alba;1;2;
2;RLP-KW-AFS-P1;Veronica persica;2;2;
2;RLP-KW-AFS-P2;Veronica persica;3;0;
2;RLP-KW-AFS-P3;Cirsium arvense;1;2;
2;RLP-KW-AFS-P3;Dipsacus fullonum;3;2;
2;RLP-KW-AFS-P3;Geranium dissectum;3;2;
2;RLP-KW-AFS-P3;Veronica persica;1;2;
2;RLP-KW-AFS-P4;Cirsium arvense;3;2;
2;RLP-KW-AFS-P4;Veronica persica;3;2;
2;RLP-KW-AFS-P5;Cirsium arvense;3;1;
2;RLP-KW-AFS-P5;Convolvulus arvensis;1;1;
2;RLP-KW-AFS-P5;Geranium dissectum;2;1;
2;RLP-KW-AFS-P5;Securigeria varia;1;1;
2;RLP-KW-AFS-P5;Veronica persica;1;1;
2;RLP-KW-AFS-P6;Cirsium arvense;3;2;
2;RLP-KW-AFS-P6;Convolvulus arvensis;1;2;
2;RLP-KW-AFS-P6;Sinapis arvense;1;2;
2;RLP-KW-AFS-P6;Veronica persica;1;2;
2;RLP-KW-REF-P10;Carduus crispus;3;0;
2;RLP-KW-REF-P10;Cirsium arvense;2;0;
2;RLP-KW-REF-P10;Papaver rhoeas;1;0;
2;RLP-KW-REF-P11;Lepidium draba;1;0;
2;RLP-KW-REF-P11;Rumex crispus;2;0;
2;RLP-KW-REF-P11;Tripleurospermum perforatum;3;0;
2;RLP-KW-REF-P12;Tripleurospermum perforatum;3;0;
2;RLP-KW-REF-P12;Veronica persica;2;0;
2;RLP-KW-REF-P7;Medicago sativa;1;1;
2;RLP-KW-REF-P7;Papaver rhoeas;1;1;
2;RLP-KW-REF-P7;Sinapis alba;1;1;
2;RLP-KW-REF-P7;Trifolium resupinatum;1;1;
2;RLP-KW-REF-P7;Tripleurospermum perforatum;3;1;
2;RLP-KW-REF-P8;Carduus crispus;2;1;
2;RLP-KW-REF-P8;Cirsium arvense;2;1;
2;RLP-KW-REF-P8;Papaver rhoeas;1;1;
2;RLP-KW-REF-P8;Tripleurospermum perforatum;2;1;
2;RLP-KW-REF-P9;Carduus crispus;3;1;
2;RLP-KW-REF-P9;Cirsium arvense;2;1;
2;RLP-KW-REF-P9;Papaver rhoeas;1;1;
2;RLP-KW-REF-P9;Tripleurospermum perforatum;2;1;
2;HE-WI-AFS-P1;Allium aflatunense;1;2;
2;HE-WI-AFS-P1;Cytisus scoparius;1;2;
2;HE-WI-AFS-P1;Fragaria spec.;1;2;
2;HE-WI-AFS-P1;Genista cinerea;1;2;
2;HE-WI-AFS-P1;Hesperis matronalis;0;2;
2;HE-WI-AFS-P1;Iris germanica;1;2;
2;HE-WI-AFS-P1;Lepidium draba;1;2;
2;HE-WI-AFS-P1;Nepeta racemosa;2;2;
2;HE-WI-AFS-P1;Centaurea dealbatus;1;2;
2;HE-WI-AFS-P1;Ranunculus spec.;1;2;
2;HE-WI-AFS-P1;Rosa spec.;1;2;
2;HE-WI-AFS-P1;Rubus fruticosus;1;2;
2;HE-WI-AFS-P1;Rosmarinus officinalis;2;2;
2;HE-WI-AFS-P1;Sambucus nigra;1;2;
2;HE-WI-AFS-P1;Taraxacum sectio Ruderalia;0;2;
2;HE-WI-AFS-P1;Veronica chamaedrys;1;2;
2;HE-WI-AFS-P2;Bellis perennis;3;1;
2;HE-WI-AFS-P2;Geranium dissectum;2;1;
2;HE-WI-AFS-P2;Geranium pusillum;1;1;
2;HE-WI-AFS-P2;Lamium amplexicaule;1;1;
2;HE-WI-AFS-P2;Lamium purpureum;1;1;
2;HE-WI-AFS-P2;Taraxacum sectio Ruderalia;1;1;
2;HE-WI-AFS-P2;Veronica arvensis;1;1;
2;HE-WI-AFS-P2;Veronica persica;1;1;
2;HE-WI-AFS-P3;Alliaria petiolata;2;1;
2;HE-WI-AFS-P3;Bellis perennis;0;1;
2;HE-WI-AFS-P3;Genista cinerea;2;1;
2;HE-WI-AFS-P3;Geranium rotundifolium;0;1;
2;HE-WI-AFS-P3;Rosa spec.;1;1;
2;HE-WI-AFS-P3;Rubus idaeus;1;1;
2;HE-WI-AFS-P3;Rubus fruticosus;3;1;
2;HE-WI-AFS-P3;Rosmarinus officinalis;1;1;
2;HE-WI-AFS-P3;Symphytum officinale;2;1;
2;HE-WI-AFS-P3;Taraxacum sectio Ruderalia;1;1;
2;HE-WI-AFS-P4;Bellis perennis;3;1;
2;HE-WI-AFS-P4;Geranium dissectum;1;1;
2;HE-WI-AFS-P4;Geranium pusillum;3;1;
2;HE-WI-AFS-P4;Taraxacum sectio Ruderalia;1;1;
2;HE-WI-AFS-P4;Trifolium repens;1;1;
2;HE-WI-AFS-P4;Veronica persica;1;1;
2;HE-WI-AFS-P5;Allium schoenoprasum;2;3;
2;HE-WI-AFS-P5;Aquilegia vulgaris;1;3;
2;HE-WI-AFS-P5;Brassica oleracea;1;3;
2;HE-WI-AFS-P5;Brassica oleracea var. sabellica;2;3;
2;HE-WI-AFS-P5;Eruca vesicaria;1;3;
2;HE-WI-AFS-P5;Fragaria ananassa;2;3;
2;HE-WI-AFS-P5;Geranium dissectum;0;3;
2;HE-WI-AFS-P5;Geranium pusillum;0;3;
2;HE-WI-AFS-P5;Geranium rotundifolium;1;3;
2;HE-WI-AFS-P5;Lepidium draba;2;3;
2;HE-WI-AFS-P5;Phacelia tanacetifolia;1;3;
2;HE-WI-AFS-P5;Rubus idaeus;1;3;
2;HE-WI-AFS-P5;Rubus fruticosus;2;3;
2;HE-WI-AFS-P5;Salvia officinalis;1;3;
2;HE-WI-AFS-P5;Sambucus nigra;1;3;
2;HE-WI-AFS-P5;Veronica chamaedrys;0;3;
2;HE-WI-AFS-P5;Veronica persica;1;3;
2;HE-WI-AFS-P5;Vicia sepium;0;3;
2;HE-WI-AFS-P6;Bellis perennis;3;0;
2;HE-WI-AFS-P6;Geranium dissectum;1;0;
2;HE-WI-AFS-P6;Ranunculus acris;1;0;
2;HE-WI-AFS-P6;Taraxacum sectio Ruderalia;1;0;
2;HE-WI-REF-P10;Bellis perennis;3;0;
2;HE-WI-REF-P11;Bellis perennis;3;0;
2;HE-WI-REF-P12;Bellis perennis;3;0;
2;HE-WI-REF-P7;Veronica persica;3;0;
2;HE-WI-REF-P8; ;NA;0;
2;HE-WI-REF-P9;Taraxacum sectio Ruderalia;1;0;
2;HE-WI-REF-P9;Veronica persica;3;0;
2;RLP-WIT-AFS-P1;Achillea millefolium;1;2;
2;RLP-WIT-AFS-P1;Allium schoenoprasum;0;2;
2;RLP-WIT-AFS-P1;Aquilegia vulgaris;1;2;
2;RLP-WIT-AFS-P1;Brassica oleracea var. sabellica;1;2;
2;RLP-WIT-AFS-P1;Campanula persicifolia;1;2;
2;RLP-WIT-AFS-P1;Campanula rapunculus;1;2;
2;RLP-WIT-AFS-P1;Centaurea jacea;0;2;
2;RLP-WIT-AFS-P1;Centaurea montana;1;2;
2;RLP-WIT-AFS-P1;Dianthus barbatus;1;2;
2;RLP-WIT-AFS-P1;Digitalis purpurea;1;2;
2;RLP-WIT-AFS-P1;Geranium dissectum;0;2;
2;RLP-WIT-AFS-P1;Geranium pusillum;1;2;
2;RLP-WIT-AFS-P1;Geum urbanum;1;2;
2;RLP-WIT-AFS-P1;Iris germanica;0;2;
2;RLP-WIT-AFS-P1;Leucanthemum vulgare;2;2;
2;RLP-WIT-AFS-P1;Myosotis sylvatica;2;2;
2;RLP-WIT-AFS-P1;Nepeta racemosa;1;2;
2;RLP-WIT-AFS-P1;Phacelia tanacetifolia;1;2;
2;RLP-WIT-AFS-P1;Phuopsis stylosa;1;2;
2;RLP-WIT-AFS-P1;Hieracium pilosella;0;2;
2;RLP-WIT-AFS-P1;Plantago lanceolata;1;2;
2;RLP-WIT-AFS-P1;Polemonium caeruleum;1;2;
2;RLP-WIT-AFS-P1;Centaurea dealbatus;1;2;
2;RLP-WIT-AFS-P1;Ranunculus acris;1;2;
2;RLP-WIT-AFS-P1;Raphanus raphanistrum;0;2;
2;RLP-WIT-AFS-P1;Rheum rhabarbarum;1;2;
2;RLP-WIT-AFS-P1;Rosa spec. ;0;2;
2;RLP-WIT-AFS-P1;Silene dioica;2;2;
2;RLP-WIT-AFS-P1;Silene latifolia;0;2;
2;RLP-WIT-AFS-P1;Symphytum officinale;1;2;
2;RLP-WIT-AFS-P1;Symphytum x uplandicum;1;2;
2;RLP-WIT-AFS-P1;Trifolium pratense;0;2;
2;RLP-WIT-AFS-P1;Trifolium repens;1;2;
2;RLP-WIT-AFS-P1;Valeriana officinalis;1;2;
2;RLP-WIT-AFS-P1;Valerianella locusta;0;2;
2;RLP-WIT-AFS-P1;Viola tricolor;1;2;
2;RLP-WIT-AFS-P1;Viola wittrockiana;1;2;
2;RLP-WIT-AFS-P2;Trifolium pratense;1;0;
2;RLP-WIT-AFS-P2;Trifolium repens;3;0;
2;RLP-WIT-AFS-P3;Achillea cv.;1;2;
2;RLP-WIT-AFS-P3;Agrostemma githago;1;2;
2;RLP-WIT-AFS-P3;Centaurea cyanus;1;2;
2;RLP-WIT-AFS-P3;Centaurea jacea;1;2;
2;RLP-WIT-AFS-P3;Cerastium fontanum;1;2;
2;RLP-WIT-AFS-P3;Chelidonium majus;1;2;
2;RLP-WIT-AFS-P3;Digitalis purpurea;1;2;
2;RLP-WIT-AFS-P3;Erysimum spec.;0;2;
2;RLP-WIT-AFS-P3;Fragaria ananassa;1;2;
2;RLP-WIT-AFS-P3;Geranium pusillum;1;2;
2;RLP-WIT-AFS-P3;Lavandula angustifolia;1;2;
2;RLP-WIT-AFS-P3;Leucanthemum vulgare;1;2;
2;RLP-WIT-AFS-P3;Lotus corniculatus;1;2;
2;RLP-WIT-AFS-P3;Marrubium vulgare;0;2;
2;RLP-WIT-AFS-P3;Myosotis arvensis;1;2;
2;RLP-WIT-AFS-P3;Phacelia tanacetifolia;1;2;
2;RLP-WIT-AFS-P3;Phlomoides tuberosa;1;2;
2;RLP-WIT-AFS-P3;Polemonium caeruleum;1;2;
2;RLP-WIT-AFS-P3;Ranunculus spec.;0;2;
2;RLP-WIT-AFS-P3;Raphanus sativus;1;2;
2;RLP-WIT-AFS-P3;Rubus idaeus;1;2;
2;RLP-WIT-AFS-P3;Sedum spec.;1;2;
2;RLP-WIT-AFS-P3;Silene latifolia;2;2;
2;RLP-WIT-AFS-P3;Trifolium incarnatum;1;2;
2;RLP-WIT-AFS-P3;Trifolium pratense;1;2;
2;RLP-WIT-AFS-P3;Trifolium repens;1;2;
2;RLP-WIT-AFS-P3;Veronica arvensis;0;2;
2;RLP-WIT-AFS-P4;Trifolium repens;3;1;
2;RLP-WIT-AFS-P5;Achillea millefolium;1;1;
2;RLP-WIT-AFS-P5;Campanula rapunculus;1;1;
2;RLP-WIT-AFS-P5;Cerastium fontanum;0;1;
2;RLP-WIT-AFS-P5;Cytisus scoparius;1;1;
2;RLP-WIT-AFS-P5;Erigeron annuus;1;1;
2;RLP-WIT-AFS-P5;Fragaria ananassa;1;1;
2;RLP-WIT-AFS-P5;Geranium dissectum;0;1;
2;RLP-WIT-AFS-P5;Geranium pusillum;1;1;
2;RLP-WIT-AFS-P5;Geranium robertianum;1;1;
2;RLP-WIT-AFS-P5;Leucanthemum vulgare;1;1;
2;RLP-WIT-AFS-P5;Lupinus polyphyllus;1;1;
2;RLP-WIT-AFS-P5;Myosotis sylvatica;1;1;
2;RLP-WIT-AFS-P5;Rubus fruticosus;1;1;
2;RLP-WIT-AFS-P5;Rumex acetosa;1;1;
2;RLP-WIT-AFS-P5;Sambucus nigra;1;1;
2;RLP-WIT-AFS-P5;Silene latifolia;1;1;
2;RLP-WIT-AFS-P5;Symphytum officinale;1;1;
2;RLP-WIT-AFS-P5;Trifolium repens;1;1;
2;RLP-WIT-AFS-P6;Trifolium repens;3;0;
2;RLP-WIT-REF-P10;Achillea millefolium;2;1;
2;RLP-WIT-REF-P10;Cerastium fontanum;1;1;
2;RLP-WIT-REF-P10;Geranium dissectum;1;1;
2;RLP-WIT-REF-P10;Leucanthemum vulgare;1;1;
2;RLP-WIT-REF-P10;Matricaria chamomilla;1;1;
2;RLP-WIT-REF-P10;Plantago lanceolata;3;1;
2;RLP-WIT-REF-P10;Rumex crispus;1;1;
2;RLP-WIT-REF-P10;Trifolium dubium;1;1;
2;RLP-WIT-REF-P11;Cerastium fontanum;1;0;
2;RLP-WIT-REF-P11;Plantago lanceolata;1;0;
2;RLP-WIT-REF-P11;Rumex crispus;3;0;
2;RLP-WIT-REF-P12;Achillea millefolium;2;0;
2;RLP-WIT-REF-P12;Matricaria chamomilla;2;0;
2;RLP-WIT-REF-P12;Plantago lanceolata;2;0;
2;RLP-WIT-REF-P12;Rumex crispus;2;0;
2;RLP-WIT-REF-P7;Achillea millefolium;2;1;
2;RLP-WIT-REF-P7;Cerastium fontanum;1;1;
2;RLP-WIT-REF-P7;Plantago lanceolata;3;1;
2;RLP-WIT-REF-P7;Rumex crispus;1;1;
2;RLP-WIT-REF-P7;Trifolium dubium;1;1;
2;RLP-WIT-REF-P8;Jacobaea vulgaris;1;1;
2;RLP-WIT-REF-P8;Achillea millefolium;1;1;
2;RLP-WIT-REF-P8;Cerastium fontanum;1;1;
2;RLP-WIT-REF-P8;Plantago lanceolata;3;1;
2;RLP-WIT-REF-P8;Rumex crispus;1;1;
2;RLP-WIT-REF-P8;Trifolium dubium;2;1;
2;RLP-WIT-REF-P8;Veronica serpyllifolia;1;1;
2;RLP-WIT-REF-P9;Achillea millefolium;1;1;
2;RLP-WIT-REF-P9;Cerastium fontanum;2;1;
2;RLP-WIT-REF-P9;Geranium dissectum;1;1;
2;RLP-WIT-REF-P9;Plantago lanceolata;3;1;
2;RLP-WIT-REF-P9;Rumex crispus;1;1;
2;RLP-WIT-REF-P9;Trifolium dubium;2;1;
2;RLP-WIT-REF-P9;Veronica serpyllifolia;1;1;
3;HE-BV-AFS-P0;Persicaria lapathifolia;3;0;
3;HE-BV-AFS-P0;Sonchus arvensis;0;0;
3;HE-BV-AFS-P0;Tripleurospermum perforatum;3;0;
3;HE-BV-AFS-P1;Agrimonia eupatoria;1;1;
3;HE-BV-AFS-P1;Bryonia dioica;1;1;
3;HE-BV-AFS-P1;Castanea sativa;2;1;
3;HE-BV-AFS-P1;Cirsium arvense;2;1;
3;HE-BV-AFS-P1;Galium aparine;1;1;
3;HE-BV-AFS-P1;Lamium album;1;1;
3;HE-BV-AFS-P1;Papaver rhoeas;1;1;
3;HE-BV-AFS-P1;Sambucus nigra;1;1;
3;HE-BV-AFS-P1;Tripleurospermum perforatum;2;1;
3;HE-BV-AFS-P1;Veronica persica;1;1;
3;HE-BV-AFS-P2;Centaurea cyanus;1;1;
3;HE-BV-AFS-P2;Cirsium arvense;1;1;
3;HE-BV-AFS-P2;Consolida regalis;1;1;
3;HE-BV-AFS-P2;Matricaria chamomilla;1;1;
3;HE-BV-AFS-P2;Myosotis arvensis;1;1;
3;HE-BV-AFS-P2;Tripleurospermum perforatum;2;1;
3;HE-BV-AFS-P2;Vicia hirsuta;1;1;
3;HE-BV-AFS-P3;Centaurea cyanus;2;1;
3;HE-BV-AFS-P3;Myosotis arvensis;1;1;
3;HE-BV-AFS-P3;Papaver rhoeas;1;1;
3;HE-BV-AFS-P3;Polygonum aviculare;2;1;
3;HE-BV-AFS-P3;Tripleurospermum perforatum;2;1;
3;HE-BV-AFS-P4;Agrimonia eupatoria;1;1;
3;HE-BV-AFS-P4;Cirsium arvense;3;1;
3;HE-BV-AFS-P4;Lamium album;2;1;
3;HE-BV-AFS-P4;Matricaria chamomilla;1;NA;
3;HE-BV-AFS-P4;Sambucus nigra;1;NA;
3;HE-BV-AFS-P4;Tripleurospermum perforatum;2;NA;
3;HE-BV-AFS-P4;Urtica dioica;1;1;
3;HE-BV-AFS-P4;Veronica persica;1;NA;
3;HE-BV-AFS-P5;Centaurea cyanus;1;NA;
3;HE-BV-AFS-P5;Cirsium arvense;1;NA;
3;HE-BV-AFS-P5;Papaver rhoeas;1;NA;
3;HE-BV-AFS-P5;Polygonum aviculare;1;NA;
3;HE-BV-AFS-P5;Raphanus raphanistrum;1;NA;
3;HE-BV-AFS-P5;Sinapis arvense;1;NA;
3;HE-BV-AFS-P5;Tripleurospermum perforatum;3;NA;
3;HE-BV-AFS-P6;Centaurea cyanus;2;NA;
3;HE-BV-AFS-P6;Cirsium arvense;2;NA;
3;HE-BV-AFS-P6;Consolida regalis;1;NA;
3;HE-BV-AFS-P6;Medicago sativa;0;NA;
3;HE-BV-AFS-P6;Raphanus raphanistrum;1;NA;
3;HE-BV-AFS-P6;Tripleurospermum perforatum;3;NA;
3;HE-BV-REF-P10;Cichorium intybus;2;2;
3;HE-BV-REF-P10;Cirsium arvense;1;2;
3;HE-BV-REF-P10;Matricaria chamomilla;1;2;
3;HE-BV-REF-P10;Polygonum aviculare;1;2;
3;HE-BV-REF-P10;Raphanus raphanistrum;1;2;
3;HE-BV-REF-P10;Sinapis arvense;0;2;
3;HE-BV-REF-P10;Tripleurospermum perforatum;2;2;
3;HE-BV-REF-P10;Vicia hirsuta;0;2;
3;HE-BV-REF-P11;Cirsium arvense;2;2;
3;HE-BV-REF-P11;Consolida regalis;2;2;
3;HE-BV-REF-P11;Convolvulus arvensis;2;2;
3;HE-BV-REF-P11;Medicago sativa;2;2;
3;HE-BV-REF-P11;Papaver rhoeas;1;2;
3;HE-BV-REF-P11;Polygonum aviculare;2;2;
3;HE-BV-REF-P11;Tripleurospermum perforatum;2;2;
3;HE-BV-REF-P12;Cichorium intybus;1;3;
3;HE-BV-REF-P12;Consolida regalis;2;3;
3;HE-BV-REF-P12;Convolvulus arvensis;1;3;
3;HE-BV-REF-P12;Matricaria chamomilla;1;3;
3;HE-BV-REF-P12;Papaver rhoeas;1;3;
3;HE-BV-REF-P12;Polygonum aviculare;3;3;
3;HE-BV-REF-P12;Sinapis arvense;1;3;
3;HE-BV-REF-P12;Tripleurospermum perforatum;3;3;
3;HE-BV-REF-P7;Cichorium intybus;2;2;
3;HE-BV-REF-P7;Cirsium arvense;3;2;
3;HE-BV-REF-P7;Consolida regalis;2;2;
3;HE-BV-REF-P7;Matricaria chamomilla;1;2;
3;HE-BV-REF-P7;Papaver rhoeas;1;2;
3;HE-BV-REF-P7;Polygonum aviculare;1;2;
3;HE-BV-REF-P8;Centaurea cyanus;1;3;
3;HE-BV-REF-P8;Cichorium intybus;2;3;
3;HE-BV-REF-P8;Cirsium arvense;2;3;
3;HE-BV-REF-P8;Consolida regalis;1;3;
3;HE-BV-REF-P8;Matricaria chamomilla;1;3;
3;HE-BV-REF-P8;Papaver rhoeas;1;3;
3;HE-BV-REF-P8;Polygonum aviculare;2;3;
3;HE-BV-REF-P8;Sinapis arvense;1;3;
3;HE-BV-REF-P8;Tripleurospermum perforatum;3;3;
3;HE-BV-REF-P9;Cichorium intybus;3;2;
3;HE-BV-REF-P9;Cirsium arvense;1;2;
3;HE-BV-REF-P9;Matricaria chamomilla;1;2;
3;HE-BV-REF-P9;Papaver rhoeas;1;2;
3;HE-BV-REF-P9;Polygonum aviculare;1;2;
3;HE-BV-REF-P9;Sonchus arvensis;0;2;
3;HE-BV-REF-P9;Tripleurospermum perforatum;3;2;
3;RLP-KW-AFS-P1;Cirsium arvense;1;1;
3;RLP-KW-AFS-P1;Dipsacus fullonum;3;1;
3;RLP-KW-AFS-P1;Sinapis arvense;1;1;
3;RLP-KW-AFS-P1;Veronica persica;1;1;
3;RLP-KW-AFS-P2;Veronica persica;3;0;
3;RLP-KW-AFS-P3;Cirsium arvense;2;1;
3;RLP-KW-AFS-P3;Dipsacus fullonum;3;1;
3;RLP-KW-AFS-P3;Geranium dissectum;1;1;
3;RLP-KW-AFS-P3;Inula helenium;1;1;
3;RLP-KW-AFS-P3;Veronica persica;0;1;
3;RLP-KW-AFS-P4;Veronica persica;3;0;
3;RLP-KW-AFS-P5;Cirsium arvense;3;1;
3;RLP-KW-AFS-P6;Veronica persica;3;0;
3;RLP-KW-REF-P10; ;NA;0;
3;RLP-KW-REF-P11;Veronica persica;3;0;
3;RLP-KW-REF-P12;Bellis perennis;1;0;
3;RLP-KW-REF-P12;Trifolium repens;1;0;
3;RLP-KW-REF-P12;Veronica persica;3;0;
3;RLP-KW-REF-P7;Veronica persica;3;0;
3;RLP-KW-REF-P8;Veronica persica;3;0;
3;HE-WI-AFS-P1;Fragaria ananassa;0;2;
3;HE-WI-AFS-P1;Galium mollugo;3;2;
3;HE-WI-AFS-P1;Geranium dissectum;0;2;
3;HE-WI-AFS-P1;Geum urbanum;1;2;
3;HE-WI-AFS-P1;Hemerocallis fulva;1;2;
3;HE-WI-AFS-P1;Knautia arvensis;1;2;
3;HE-WI-AFS-P1;Lapsana communis;1;2;
3;HE-WI-AFS-P1;Nepeta racemosa;1;2;
3;HE-WI-AFS-P1;Paeonia officinalis;1;2;
3;HE-WI-AFS-P1;Centaurea dealbatus;1;2;
3;HE-WI-AFS-P1;Rosa spec. ;1;2;
3;HE-WI-AFS-P1;Rosa spec. ;1;2;
3;HE-WI-AFS-P1;Rubus idaeus;1;2;
3;HE-WI-AFS-P1;Rubus fruticosus;3;2;
3;HE-WI-AFS-P1;Rumex acetosa;1;2;
3;HE-WI-AFS-P1;Salvia officinalis;3;2;
3;HE-WI-AFS-P1;Sambucus nigra;1;2;
3;HE-WI-AFS-P1;Urtica dioica;1;2;
3;HE-WI-AFS-P1;Vicia sepium;1;2;
3;HE-WI-AFS-P1;Vitis vinifera;1;2;
3;HE-WI-AFS-P2;Bellis perennis;2;0;
3;HE-WI-AFS-P2;Geranium dissectum;1;0;
3;HE-WI-AFS-P2;Geranium pusillum;2;0;
3;HE-WI-AFS-P2;Taraxacum sectio Ruderalia;2;0;
3;HE-WI-AFS-P3;Alliaria petiolata;0;1;
3;HE-WI-AFS-P3;Galium aparine;2;1;
3;HE-WI-AFS-P3;Nigella damascena;2;1;
3;HE-WI-AFS-P3;Rubus phoenicularius;1;1;
3;HE-WI-AFS-P3;Rubus fruticosus;2;1;
3;HE-WI-AFS-P3;Symphytum officinale;2;1;
3;HE-WI-AFS-P3;Urtica dioica;1;1;
3;HE-WI-AFS-P4;Bellis perennis;2;0;
3;HE-WI-AFS-P4;Geranium dissectum;1;0;
3;HE-WI-AFS-P4;Geranium pusillum;1;0;
3;HE-WI-AFS-P4;Geranium rotundifolium;1;0;
3;HE-WI-AFS-P4;Stellaria media;1;0;
3;HE-WI-AFS-P4;Trifolium repens;1;0;
3;HE-WI-AFS-P4;Veronica persica;2;0;
3;HE-WI-AFS-P5;Allium schoenoprasum;1;NA;
3;HE-WI-AFS-P5;Borago officinalis;1;NA;
3;HE-WI-AFS-P5;Brassica oleracea var. sabellica;1;NA;
3;HE-WI-AFS-P5;Galium aparine;1;NA;
3;HE-WI-AFS-P5;Geranium pusillum;1;NA;
3;HE-WI-AFS-P5;Geranium rotundifolium;0;NA;
3;HE-WI-AFS-P5;Geum urbanum;0;NA;
3;HE-WI-AFS-P5;Lamium purpureum;1;NA;
3;HE-WI-AFS-P5;Lepidium draba;2;NA;
3;HE-WI-AFS-P5;Malva sylvestris;1;NA;
3;HE-WI-AFS-P5;Phacelia tanacetifolia;2;NA;
3;HE-WI-AFS-P5;Plantago lanceolata;0;NA;
3;HE-WI-AFS-P5;Raphanus sativus;1;NA;
3;HE-WI-AFS-P5;Rosa spec. ;1;NA;
3;HE-WI-AFS-P5;Rubus fruticosus;1;NA;
3;HE-WI-AFS-P5;Salvia officinalis;2;NA;
3;HE-WI-AFS-P5;Solanum lycopersicum;1;NA;
3;HE-WI-AFS-P5;Taraxacum sectio Ruderalia;0;NA;
3;HE-WI-AFS-P5;Trifolium repens;1;NA;
3;HE-WI-AFS-P5;Tripleurospermum perforatum;1;NA;
3;HE-WI-AFS-P5;Veronica persica;1;NA;
3;HE-WI-AFS-P6;Bellis perennis;2;0;
3;HE-WI-AFS-P6;Geranium pusillum;2;0;
3;HE-WI-AFS-P6;Geranium rotundifolium;1;0;
3;HE-WI-AFS-P6;Lamium purpureum;1;0;
3;HE-WI-AFS-P6;Taraxacum sectio Ruderalia;1;0;
3;HE-WI-AFS-P6;Veronica persica;1;0;
3;HE-WI-REF-P10;Bellis perennis;1;0;
3;HE-WI-REF-P10;Geranium dissectum;3;0;
3;HE-WI-REF-P10;Taraxacum sectio Ruderalia;1;0;
3;HE-WI-REF-P11;Geranium dissectum;3;0;
3;HE-WI-REF-P11;Veronica persica;3;0;
3;HE-WI-REF-P12;Bellis perennis;1;0;
3;HE-WI-REF-P12;Convolvulus arvensis;1;0;
3;HE-WI-REF-P12;Geranium dissectum;3;0;
3;HE-WI-REF-P12;Veronica persica;1;0;
3;HE-WI-REF-P7;Geranium dissectum;3;0;
3;HE-WI-REF-P7;Veronica persica;2;0;
3;HE-WI-REF-P8;Geranium dissectum;1;0;
3;HE-WI-REF-P8;Veronica persica;3;0;
3;HE-WI-REF-P9;Convolvulus arvensis;2;0;
3;HE-WI-REF-P9;Geranium dissectum;2;0;
3;HE-WI-REF-P9;Geranium pusillum;2;0;
3;HE-WI-REF-P9;Taraxacum sectio Ruderalia;2;0;
3;HE-WI-REF-P9;Veronica persica;2;0;
3;RLP-WIT-AFS-P1;Achillea cv.;1;3;
3;RLP-WIT-AFS-P1;Alcea rosea;0;3;
3;RLP-WIT-AFS-P1;Argyranthemum frutescens;1;3;
3;RLP-WIT-AFS-P1;Berteroa incana;0;3;
3;RLP-WIT-AFS-P1;Buddleja davidii;1;3;
3;RLP-WIT-AFS-P1;Calendula officinalis;0;3;
3;RLP-WIT-AFS-P1;Campanula persicifolia;1;3;
3;RLP-WIT-AFS-P1;Campanula poscharskyana;0;3;
3;RLP-WIT-AFS-P1;Centaurea dealbata;1;3;
3;RLP-WIT-AFS-P1;Centaurea macrocephala;1;3;
3;RLP-WIT-AFS-P1;Crepis biennis;0;3;
3;RLP-WIT-AFS-P1;Daucus carota;1;3;
3;RLP-WIT-AFS-P1;Dianthus barbatus;1;3;
3;RLP-WIT-AFS-P1;Digitalis purpurea;0;3;
3;RLP-WIT-AFS-P1;Dracocephalum moldavica;0;3;
3;RLP-WIT-AFS-P1;Echium vulgare;2;3;
3;RLP-WIT-AFS-P1;Epilobium hirsutum;2;3;
3;RLP-WIT-AFS-P1;Erigeron annuus;1;3;
3;RLP-WIT-AFS-P1;Fragaria ananassa;0;3;
3;RLP-WIT-AFS-P1;Geranium dissectum;0;3;
3;RLP-WIT-AFS-P1;Geum urbanum;0;3;
3;RLP-WIT-AFS-P1;Heliotropium arborescens;1;3;
3;RLP-WIT-AFS-P1;Hieracium aurantiacum;0;3;
3;RLP-WIT-AFS-P1;Hypochaeris radicata;1;3;
3;RLP-WIT-AFS-P1;Lamium album;1;3;
3;RLP-WIT-AFS-P1;Lapsana communis;1;3;
3;RLP-WIT-AFS-P1;Leucanthemum vulgare;2;3;
3;RLP-WIT-AFS-P1;Myosotis arvensis;0;3;
3;RLP-WIT-AFS-P1;Papaver rhoeas;1;3;
3;RLP-WIT-AFS-P1;Pastinaca sativa;1;3;
3;RLP-WIT-AFS-P1;Phuopsis stylosa;1;3;
3;RLP-WIT-AFS-P1;Plantago lanceolata;0;3;
3;RLP-WIT-AFS-P1;Polemonium caeruleum;0;3;
3;RLP-WIT-AFS-P1;Rosa cv.;1;3;
3;RLP-WIT-AFS-P1;Salvia sclarea;1;3;
3;RLP-WIT-AFS-P1;Senecio jacobaea;1;3;
3;RLP-WIT-AFS-P1;Silene coronaria;1;3;
3;RLP-WIT-AFS-P1;Silene dioica;1;3;
3;RLP-WIT-AFS-P1;Silene latifolia;1;3;
3;RLP-WIT-AFS-P1;Stachys germanica;1;3;
3;RLP-WIT-AFS-P1;Symphytum officinale;1;3;
3;RLP-WIT-AFS-P1;Tanacetum parthenium;1;3;
3;RLP-WIT-AFS-P1;Trifolium pratense;0;3;
3;RLP-WIT-AFS-P1;Trifolium repens;2;3;
3;RLP-WIT-AFS-P1;Tripleurospermum perforatum;0;3;
3;RLP-WIT-AFS-P1;Verbascum speciosum;1;3;
3;RLP-WIT-AFS-P1;Vicia villosa;1;3;
3;RLP-WIT-AFS-P1;Viola wittrockiana;1;3;
3;RLP-WIT-AFS-P2;Lotus corniculatus;1;2;
3;RLP-WIT-AFS-P2;Trifolium pratense;2;2;
3;RLP-WIT-AFS-P2;Trifolium repens;3;2;
3;RLP-WIT-AFS-P3;Achillea filipendulina;0;3;
3;RLP-WIT-AFS-P3;Achillea cv.;0;3;
3;RLP-WIT-AFS-P3;Aethusa cynapium;0;3;
3;RLP-WIT-AFS-P3;Alchemilla mollis;0;3;
3;RLP-WIT-AFS-P3;Astilbe chinensis;0;3;
3;RLP-WIT-AFS-P3;Campanula patula;0;3;
3;RLP-WIT-AFS-P3;Centaurea dealbata;0;3;
3;RLP-WIT-AFS-P3;Centaurea jacea;0;3;
3;RLP-WIT-AFS-P3;Centaurea macrocephala;1;3;
3;RLP-WIT-AFS-P3;Chelidonium majus;1;3;
3;RLP-WIT-AFS-P3;Chrysanthemum cv.;0;3;
3;RLP-WIT-AFS-P3;Cirsium arvense;1;3;
3;RLP-WIT-AFS-P3;Delphinium elatum;0;3;
3;RLP-WIT-AFS-P3;Dianthus armeria;1;3;
3;RLP-WIT-AFS-P3;Digitalis purpurea;0;3;
3;RLP-WIT-AFS-P3;Epilobium hirsutum;1;3;
3;RLP-WIT-AFS-P3;Erigeron annuus;0;3;
3;RLP-WIT-AFS-P3;Fragaria ananassa;0;3;
3;RLP-WIT-AFS-P3;Geum urbanum;0;3;
3;RLP-WIT-AFS-P3;Heliotropium arborescens;0;3;
3;RLP-WIT-AFS-P3;Lamium purpureum;0;3;
3;RLP-WIT-AFS-P3;Lapsana communis;1;3;
3;RLP-WIT-AFS-P3;Lavandula angustifolia;1;3;
3;RLP-WIT-AFS-P3;Leonurus cardiaca;1;3;
3;RLP-WIT-AFS-P3;Lepidium sativum;1;3;
3;RLP-WIT-AFS-P3;Levisticum officinale;1;3;
3;RLP-WIT-AFS-P3;Myosotis arvensis;1;3;
3;RLP-WIT-AFS-P3;Papaver rhoeas;0;3;
3;RLP-WIT-AFS-P3;Sideritis hyssopifolia;0;3;
3;RLP-WIT-AFS-P3;Silene latifolia;1;3;
3;RLP-WIT-AFS-P3;Stellaria media;0;3;
3;RLP-WIT-AFS-P3;Trifolium repens;1;3;
3;RLP-WIT-AFS-P3;Tripleurospermum perforatum;0;3;
3;RLP-WIT-AFS-P3;Vicia villosa;2;3;
3;RLP-WIT-AFS-P3;Viola wittrockiana;0;3;
3;RLP-WIT-AFS-P4;Trifolium pratense;3;2;
3;RLP-WIT-AFS-P4;Trifolium repens;2;2;
3;RLP-WIT-AFS-P4;Vicia villosa;1;2;
3;RLP-WIT-AFS-P5;Achillea millefolium;1;3;
3;RLP-WIT-AFS-P5;Allium fistulosum;0;3;
3;RLP-WIT-AFS-P5;Allium schoenoprasum;0;3;
3;RLP-WIT-AFS-P5;Campanula patula;0;3;
3;RLP-WIT-AFS-P5;Cirsium arvense;1;3;
3;RLP-WIT-AFS-P5;Cirsium vulgare;0;3;
3;RLP-WIT-AFS-P5;Crepis biennis;0;3;
3;RLP-WIT-AFS-P5;Daucus carota;0;3;
3;RLP-WIT-AFS-P5;Echinacea purpurea;0;3;
3;RLP-WIT-AFS-P5;Epilobium hirsutum;0;3;
3;RLP-WIT-AFS-P5;Erigeron annuus;1;3;
3;RLP-WIT-AFS-P5;Fagopyrum esculentum;2;3;
3;RLP-WIT-AFS-P5;Fragaria ananassa;0;3;
3;RLP-WIT-AFS-P5;Gazania cv.;0;3;
3;RLP-WIT-AFS-P5;Geranium dissectum;0;3;
3;RLP-WIT-AFS-P5;Geranium robertianum;0;3;
3;RLP-WIT-AFS-P5;Helichrysum italicum;1;3;
3;RLP-WIT-AFS-P5;Heliotropium arborescens;0;3;
3;RLP-WIT-AFS-P5;Ipomoea batatas;0;3;
3;RLP-WIT-AFS-P5;Lapsana communis;0;3;
3;RLP-WIT-AFS-P5;Levisticum officinale;1;3;
3;RLP-WIT-AFS-P5;Lupinus polyphyllus;0;3;
3;RLP-WIT-AFS-P5;Myosotis arvensis;0;3;
3;RLP-WIT-AFS-P5;Osteospermum cv.;0;3;
3;RLP-WIT-AFS-P5;Papaver rhoeas;0;3;
3;RLP-WIT-AFS-P5;Petunia cv.;0;3;
3;RLP-WIT-AFS-P5;Polemonium caeruleum;0;3;
3;RLP-WIT-AFS-P5;Silene latifolia;2;3;
3;RLP-WIT-AFS-P5;Sinapis alba;2;3;
3;RLP-WIT-AFS-P5;Solanum lycopersicum;0;3;
3;RLP-WIT-AFS-P5;Trifolium pratense;0;3;
3;RLP-WIT-AFS-P5;Trifolium repens;1;3;
3;RLP-WIT-AFS-P5;Vicia villosa;1;3;
3;RLP-WIT-AFS-P6;Cirsium arvense;1;0;
3;RLP-WIT-AFS-P6;Trifolium hybridum;2;0;
3;RLP-WIT-AFS-P6;Trifolium pratense;2;0;
3;RLP-WIT-AFS-P6;Trifolium repens;2;0;
3;RLP-WIT-REF-P10;Achillea millefolium;2;1;
3;RLP-WIT-REF-P10;Campanula rapunculus;1;1;
3;RLP-WIT-REF-P10;Crepis capillaris;1;1;
3;RLP-WIT-REF-P10;Plantago lanceolata;2;1;
3;RLP-WIT-REF-P10;Trifolium pratense;1;1;
3;RLP-WIT-REF-P10;Trifolium repens;2;1;
3;RLP-WIT-REF-P10;Tripleurospermum perforatum;1;1;
3;RLP-WIT-REF-P11;Cirsium arvense;2;1;
3;RLP-WIT-REF-P11;Myosotis arvensis;1;1;
3;RLP-WIT-REF-P11;Plantago lanceolata;1;1;
3;RLP-WIT-REF-P11;Trifolium pratense;1;1;
3;RLP-WIT-REF-P11;Trifolium repens;3;1;
3;RLP-WIT-REF-P12;Cirsium arvense;1;2;
3;RLP-WIT-REF-P12;Trifolium dubium;1;2;
3;RLP-WIT-REF-P12;Trifolium pratense;1;2;
3;RLP-WIT-REF-P12;Trifolium repens;3;2;
3;RLP-WIT-REF-P7;Achillea millefolium;2;1;
3;RLP-WIT-REF-P7;Cirsium arvense;1;1;
3;RLP-WIT-REF-P7;Plantago lanceolata;2;1;
3;RLP-WIT-REF-P7;Trifolium repens;3;1;
3;RLP-WIT-REF-P8;Achillea millefolium;3;0;
3;RLP-WIT-REF-P8;Crepis capillaris;1;0;
3;RLP-WIT-REF-P8;Plantago lanceolata;1;0;
3;RLP-WIT-REF-P8;Trifolium repens;2;0;
3;RLP-WIT-REF-P9;Achillea millefolium;3;0;
3;RLP-WIT-REF-P9;Plantago lanceolata;2;0;
3;RLP-WIT-REF-P9;Trifolium dubium;2;0;
3;RLP-WIT-REF-P9;Trifolium repens;1;0;
4;HE-BV-AFS-P0;Cirsium arvense;1;1;
4;HE-BV-AFS-P0;Cirsium vulgare;1;1;
4;HE-BV-AFS-P0;Lactuca serriola;3;1;
4;HE-BV-AFS-P0;Persicaria lapathifolia;1;1;
4;HE-BV-AFS-P0;Polygonum aviculare;1;1;
4;HE-BV-AFS-P0;Sonchus asper;2;1;
4;HE-BV-AFS-P0;Tripleurospermum perforatum;1;1;
4;HE-BV-AFS-P1;Agrimonia eupatoria;1;2;
4;HE-BV-AFS-P1;Cirsium arvense;2;2;
4;HE-BV-AFS-P1;Cirsium vulgare;1;2;
4;HE-BV-AFS-P1;Lactuca serriola;3;2;
4;HE-BV-AFS-P1;Lamium album;1;2;
4;HE-BV-AFS-P1;Medicago sativa;1;2;
4;HE-BV-AFS-P1;Sonchus asper;1;2;
4;HE-BV-AFS-P1;Tanacetum vulgare;2;2;
4;HE-BV-AFS-P1;Torilis japonica;2;2;
4;HE-BV-AFS-P1;Tripleurospermum perforatum;1;2;
4;HE-BV-AFS-P1;Urtica dioica;2;2;
4;HE-BV-AFS-P2; ;NA;0;
4;HE-BV-AFS-P3;Agrimonia eupatoria;1;2;
4;HE-BV-AFS-P3;Arctium tomentosum;1;2;
4;HE-BV-AFS-P3;Ballota nigra;1;2;
4;HE-BV-AFS-P3;Cirsium arvense;3;2;
4;HE-BV-AFS-P3;Lactuca serriola;1;2;
4;HE-BV-AFS-P3;Lamium album;1;2;
4;HE-BV-AFS-P3;Papaver rhoeas;0;2;
4;HE-BV-AFS-P3;Silene dioica;1;2;
4;HE-BV-AFS-P3;Torilis japonica;2;2;
4;HE-BV-AFS-P3;Tripleurospermum perforatum;1;2;
4;HE-BV-AFS-P3;Urtica dioica;2;2;
4;HE-BV-AFS-P4;Myosotis arvensis;3;0;
4;HE-BV-AFS-P4;Tripleurospermum perforatum;2;0;
4;HE-BV-AFS-P5;Cichorium intybus;1;1;
4;HE-BV-AFS-P5;Cirsium arvense;3;1;
4;HE-BV-AFS-P5;Lactuca serriola;1;1;
4;HE-BV-AFS-P5;Papaver rhoeas;0;1;
4;HE-BV-AFS-P5;Plantago lanceolata;1;1;
4;HE-BV-AFS-P5;Salix daphnoides;1;1;
4;HE-BV-AFS-P5;Tripleurospermum perforatum;2;1;
4;HE-BV-AFS-P6;Centaurea cyanus;2;0;
4;HE-BV-AFS-P6;Consolida regalis;2;0;
4;HE-BV-AFS-P6;Plantago lanceolata;2;0;
4;HE-BV-AFS-P6;Sonchus asper;2;0;
4;HE-BV-REF-P10;Cichorium intybus;3;0;
4;HE-BV-REF-P10;Tripleurospermum perforatum;3;0;
4;HE-BV-REF-P11;Consolida regalis;3;0;
4;HE-BV-REF-P11;Polygonum aviculare;2;0;
4;HE-BV-REF-P11;Tripleurospermum perforatum;2;0;
4;HE-BV-REF-P12;Anagallis arvensis;1;1;
4;HE-BV-REF-P12;Cichorium intybus;1;1;
4;HE-BV-REF-P12;Consolida regalis;2;1;
4;HE-BV-REF-P12;Polygonum aviculare;3;1;
4;HE-BV-REF-P12;Raphanus raphanistrum;0;1;
4;HE-BV-REF-P12;Trifolium repens;0;1;
4;HE-BV-REF-P12;Tripleurospermum perforatum;2;1;
4;HE-BV-REF-P7;Cichorium intybus;2;0;
4;HE-BV-REF-P7;Consolida regalis;2;0;
4;HE-BV-REF-P7;Polygonum aviculare;1;0;
4;HE-BV-REF-P7;Tripleurospermum perforatum;2;0;
4;HE-BV-REF-P8;Cichorium intybus;3;0;
4;HE-BV-REF-P9;Cichorium intybus;3;0;
4;RLP-KW-AFS-P1;Cirsium arvense;NA;1;
4;RLP-KW-AFS-P1;Dipsacus fullonum;NA;1;
4;RLP-KW-AFS-P1;Rumex crispus;NA;1;
4;RLP-KW-AFS-P1;Sinapis alba;NA;1;
4;RLP-KW-AFS-P1;Veronica persica;NA;1;
4;RLP-KW-AFS-P2;Fallopia convolvulus;1;1;
4;RLP-KW-AFS-P2;Rumex crispus;2;1;
4;RLP-KW-AFS-P2;Veronica persica;3;1;
4;RLP-KW-AFS-P3;Cirsium arvense;3;0;
4;RLP-KW-AFS-P3;Inula helenium;1;0;
4;RLP-KW-AFS-P4;Medicago sativa;1;1;
4;RLP-KW-AFS-P4;Veronica persica;3;1;
4;RLP-KW-AFS-P5;Cirsium arvense;3;1;
4;RLP-KW-AFS-P5;Convolvulus arvensis;1;1;
4;RLP-KW-AFS-P5;Medicago sativa;1;1;
4;RLP-KW-AFS-P5;Rumex crispus;1;1;
4;RLP-KW-AFS-P5;Veronica persica;1;1;
4;RLP-KW-AFS-P6;Rumex crispus;3;0;
4;RLP-KW-AFS-P6;Trifolium repens;1;0;
4;RLP-KW-AFS-P6;Veronica persica;3;0;
4;RLP-KW-REF-P10; ;NA;0;
4;RLP-KW-REF-P11;Brassica spec.;3;0;
4;RLP-KW-REF-P11;Sinapis arvense;2;0;
4;RLP-KW-REF-P11;Veronica persica;2;0;
4;RLP-KW-REF-P12;Chenopodium album;2;0;
4;RLP-KW-REF-P12;Rumex obtusifolius;2;0;
4;RLP-KW-REF-P12;Tripleurospermum perforatum;2;0;
4;RLP-KW-REF-P12;Veronica persica;2;0;
4;RLP-KW-REF-P7;Sinapis arvense;3;0;
4;RLP-KW-REF-P7;Sinapis arvense;NA;0;
4;RLP-KW-REF-P7;Trifolium resupinatum;2;0;
4;RLP-KW-REF-P7;Tripleurospermum perforatum;1;0;
4;RLP-KW-REF-P8;Sinapis arvense;3;0;
4;RLP-KW-REF-P9;Chenopodium album;2;0;
4;RLP-KW-REF-P9;Rumex obtusifolius;2;0;
4;RLP-KW-REF-P9;Sinapis arvense;3;0;
4;RLP-KW-REF-P9;Tripleurospermum perforatum;1;0;
4;RLP-KW-REF-P9;Veronica persica;1;0;
4;RLP-KW-REF-P9; ;NA;0;
4;HE-WI-AFS-P1;Alcea rosea;1;2;
4;HE-WI-AFS-P1;Bellis perennis;0;2;
4;HE-WI-AFS-P1;Cichorium intybus;0;2;
4;HE-WI-AFS-P1;Cynara cardunculus var. scolymus;1;2;
4;HE-WI-AFS-P1;Epilobium hirsutum;1;2;
4;HE-WI-AFS-P1;Fragaria ananassa;0;2;
4;HE-WI-AFS-P1;Galium mollugo;1;2;
4;HE-WI-AFS-P1;Lavandula angustifolia;1;2;
4;HE-WI-AFS-P1;Leonurus quinquelobatus;1;2;
4;HE-WI-AFS-P1;Malva sylvestris;1;2;
4;HE-WI-AFS-P1;Melissa officinalis;2;2;
4;HE-WI-AFS-P1;Mentha spicata;1;2;
4;HE-WI-AFS-P1;Nepeta racemosa;2;2;
4;HE-WI-AFS-P1;Origanum vulgare;1;2;
4;HE-WI-AFS-P1;Ranunculus acris;1;2;
4;HE-WI-AFS-P1;Rosa spec.;1;2;
4;HE-WI-AFS-P1;Rosmarinus officinalis;0;2;
4;HE-WI-AFS-P1;Rubus fruticosus;0;2;
4;HE-WI-AFS-P1;Salvia nemorosa;1;2;
4;HE-WI-AFS-P1;Salvia officinalis;2;2;
4;HE-WI-AFS-P1;Stachys byzantina;1;2;
4;HE-WI-AFS-P1;Trifolium pratense;0;2;
4;HE-WI-AFS-P2;Achillea millefolium;1;1;
4;HE-WI-AFS-P2;Bellis perennis;2;1;
4;HE-WI-AFS-P2;Crepis capillaris;2;1;
4;HE-WI-AFS-P2;Cucurbita moschata;2;1;
4;HE-WI-AFS-P2;Cucurbita pepo;1;1;
4;HE-WI-AFS-P2;Cucurbita pepo;2;1;
4;HE-WI-AFS-P2;Daucus carota;1;1;
4;HE-WI-AFS-P2;Galium mollugo;1;1;
4;HE-WI-AFS-P2;Plantago lanceolata;1;1;
4;HE-WI-AFS-P2;Trifolium pratense;1;1;
4;HE-WI-AFS-P2;Trifolium repens;2;1;
4;HE-WI-AFS-P3;Convolvulus arvensis;2;1;
4;HE-WI-AFS-P3;Galium mollugo;1;1;
4;HE-WI-AFS-P3;Medicago sativa;2;1;
4;HE-WI-AFS-P3;Mentha aquatica;3;1;
4;HE-WI-AFS-P3;Nigella damascena;1;1;
4;HE-WI-AFS-P3;Rosa spec.;1;1;
4;HE-WI-AFS-P3;Rubus idaeus;1;1;
4;HE-WI-AFS-P3;Rubus fruticosus;1;1;
4;HE-WI-AFS-P3;Symphytum officinale;1;1;
4;HE-WI-AFS-P4;Bellis perennis;1;1;
4;HE-WI-AFS-P4;Capsella bursa-pastoris;0;1;
4;HE-WI-AFS-P4;Convolvulus arvensis;2;1;
4;HE-WI-AFS-P4;Crepis capillaris;2;1;
4;HE-WI-AFS-P4;Cucurbita moschata;2;1;
4;HE-WI-AFS-P4;Mercurialis annua;0;1;
4;HE-WI-AFS-P4;Plantago lanceolata;1;1;
4;HE-WI-AFS-P4;Silene latifolia;1;1;
4;HE-WI-AFS-P4;Taraxacum sectio Ruderalia;1;1;
4;HE-WI-AFS-P4;Trifolium repens;2;1;
4;HE-WI-AFS-P4;Veronica persica;2;1;
4;HE-WI-AFS-P5;Allium schoenoprasum;2;2;
4;HE-WI-AFS-P5;Borago officinalis;1;2;
4;HE-WI-AFS-P5;Buddleja davidii;2;2;
4;HE-WI-AFS-P5;Convolvulus arvensis;1;2;
4;HE-WI-AFS-P5;Crepis capillaris;1;2;
4;HE-WI-AFS-P5;Cucurbita pepo;1;2;
4;HE-WI-AFS-P5;Epilobium hirsutum;2;2;
4;HE-WI-AFS-P5;Galium mollugo;1;2;
4;HE-WI-AFS-P5;Geranium dissectum;1;2;
4;HE-WI-AFS-P5;Lapsana communis;1;2;
4;HE-WI-AFS-P5;Melissa officinalis;2;2;
4;HE-WI-AFS-P5;Raphanus sativus;1;2;
4;HE-WI-AFS-P5;Salvia officinalis;2;2;
4;HE-WI-AFS-P5;Solanum lycopersicum;1;2;
4;HE-WI-AFS-P5;Solanum melongena;1;2;
4;HE-WI-AFS-P5;Solanum nigrum;0;2;
4;HE-WI-AFS-P5;Solanum tuberosum;1;2;
4;HE-WI-AFS-P5;Sonchus arvensis;0;2;
4;HE-WI-AFS-P5;Sonchus asper;0;2;
4;HE-WI-AFS-P5;Taraxacum sectio Ruderalia;0;2;
4;HE-WI-AFS-P5;Trifolium repens;1;2;
4;HE-WI-AFS-P5;Veronica persica;1;2;
4;HE-WI-AFS-P6;Anthriscus sylvestris;0;2;
4;HE-WI-AFS-P6;Bellis perennis;2;2;
4;HE-WI-AFS-P6;Convolvulus arvensis;1;2;
4;HE-WI-AFS-P6;Crepis capillaris;3;2;
4;HE-WI-AFS-P6;Cucurbita moschata;2;2;
4;HE-WI-AFS-P6;Geranium dissectum;1;2;
4;HE-WI-AFS-P6;Medicago sativa;0;2;
4;HE-WI-AFS-P6;Mercurialis annua;0;2;
4;HE-WI-AFS-P6;Ranunculus repens;1;2;
4;HE-WI-AFS-P6;Rumex obtusifolius;0;2;
4;HE-WI-AFS-P6;Sonchus asper;1;2;
4;HE-WI-AFS-P6;Taraxacum sectio Ruderalia;0;2;
4;HE-WI-AFS-P6;Veronica persica;1;2;
4;HE-WI-REF-P10;Bellis perennis;1;1;
4;HE-WI-REF-P10;Convolvulus arvensis;1;1;
4;HE-WI-REF-P10;Crepis capillaris;1;1;
4;HE-WI-REF-P10;Cucurbita maxima;3;1;
4;HE-WI-REF-P10;Geum urbanum;1;1;
4;HE-WI-REF-P10;Mercurialis annua;1;1;
4;HE-WI-REF-P10;Trifolium pratense;2;1;
4;HE-WI-REF-P11;Bellis perennis;0;1;
4;HE-WI-REF-P11;Chenopodium hybridum;1;1;
4;HE-WI-REF-P11;Convolvulus arvensis;2;1;
4;HE-WI-REF-P11;Cucurbita maxima;2;1;
4;HE-WI-REF-P11;Cucurbita pepo;2;1;
4;HE-WI-REF-P11;Cucurbita pepo;1;1;
4;HE-WI-REF-P11;Geranium pusillum;0;1;
4;HE-WI-REF-P11;Rumex obtusifolius;1;1;
4;HE-WI-REF-P11;Veronica persica;0;1;
4;HE-WI-REF-P12;Bellis perennis;0;1;
4;HE-WI-REF-P12;Capsella bursa-pastoris;0;1;
4;HE-WI-REF-P12;Convolvulus arvensis;1;1;
4;HE-WI-REF-P12;Crepis capillaris;1;1;
4;HE-WI-REF-P12;Cucurbita maxima;3;1;
4;HE-WI-REF-P12;Epilobium tetragonum;0;1;
4;HE-WI-REF-P12;Galium mollugo;0;1;
4;HE-WI-REF-P12;Geranium pusillum;1;1;
4;HE-WI-REF-P12;Papaver rhoeas;0;1;
4;HE-WI-REF-P12;Plantago lanceolata;1;1;
4;HE-WI-REF-P12;Trifolium pratense;1;1;
4;HE-WI-REF-P12;Trifolium repens;1;1;
4;HE-WI-REF-P7;Bellis perennis;1;1;
4;HE-WI-REF-P7;Crepis capillaris;1;1;
4;HE-WI-REF-P7;Cucurbita maxima;2;1;
4;HE-WI-REF-P7;Cucurbita moschata;2;1;
4;HE-WI-REF-P7;Daucus carota;2;1;
4;HE-WI-REF-P7;Geranium dissectum;0;1;
4;HE-WI-REF-P7;Lamium purpureum;1;1;
4;HE-WI-REF-P7;Taraxacum sectio Ruderalia;1;1;
4;HE-WI-REF-P7;Trifolium repens;1;1;
4;HE-WI-REF-P7;Veronica persica;0;1;
4;HE-WI-REF-P8;Bellis perennis;1;1;
4;HE-WI-REF-P8;Convolvulus arvensis;1;1;
4;HE-WI-REF-P8;Crepis capillaris;1;1;
4;HE-WI-REF-P8;Cucurbita maxima;2;1;
4;HE-WI-REF-P8;Taraxacum sectio Ruderalia;1;1;
4;HE-WI-REF-P8;Trifolium pratense;1;1;
4;HE-WI-REF-P8;Trifolium repens;1;1;
4;HE-WI-REF-P8;Veronica persica;1;1;
4;HE-WI-REF-P9;Convolvulus arvensis;3;1;
4;HE-WI-REF-P9;Crepis capillaris;1;1;
4;HE-WI-REF-P9;Malva sylvestris;1;1;
4;HE-WI-REF-P9;Taraxacum sectio Ruderalia;1;1;
4;HE-WI-REF-P9;Cucurbita maxima;3;1;
4;RLP-WIT-AFS-P1;Jacobaea vulgaris;1;3;
4;RLP-WIT-AFS-P1;Achillea millefolium;0;3;
4;RLP-WIT-AFS-P1;Aethusa cynapium;1;3;
4;RLP-WIT-AFS-P1;Agastache rugosa;1;3;
4;RLP-WIT-AFS-P1;Alcea rosea;1;3;
4;RLP-WIT-AFS-P1;Artemisia absinthium;1;3;
4;RLP-WIT-AFS-P1;Berteroa incana;1;3;
4;RLP-WIT-AFS-P1;Buddleja davidii;2;3;
4;RLP-WIT-AFS-P1;Campanula persicifolia;0;3;
4;RLP-WIT-AFS-P1;Centaurea montana;0;3;
4;RLP-WIT-AFS-P1;Crepis capillaris;1;3;
4;RLP-WIT-AFS-P1;Daucus carota;2;3;
4;RLP-WIT-AFS-P1;Dianthus barbatus;1;3;
4;RLP-WIT-AFS-P1;Dipsacus fullonum;1;3;
4;RLP-WIT-AFS-P1;Echium vulgare;2;3;
4;RLP-WIT-AFS-P1;Epilobium ciliatum;1;3;
4;RLP-WIT-AFS-P1;Erigeron annuus;2;3;
4;RLP-WIT-AFS-P1;Geum urbanum;0;3;
4;RLP-WIT-AFS-P1;Helianthus maximiliani;1;3;
4;RLP-WIT-AFS-P1;Hyssopus officinalis;1;3;
4;RLP-WIT-AFS-P1;Knautia arvensis;0;3;
4;RLP-WIT-AFS-P1;Leucanthemum vulgare;0;3;
4;RLP-WIT-AFS-P1;Mentha arvensis;1;3;
4;RLP-WIT-AFS-P1;Myosotis arvensis;0;3;
4;RLP-WIT-AFS-P1;Nepeta grandiflora;NA;3;
4;RLP-WIT-AFS-P1;Origanum vulgare;0;3;
4;RLP-WIT-AFS-P1;Papaver rhoeas;1;3;
4;RLP-WIT-AFS-P1;Phuopsis stylosa;1;3;
4;RLP-WIT-AFS-P1;Picris hieracioides;0;3;
4;RLP-WIT-AFS-P1;Plantago lanceolata;0;3;
4;RLP-WIT-AFS-P1;Polemonium carneum;0;3;
4;RLP-WIT-AFS-P1;Centaurea dealbata;0;3;
4;RLP-WIT-AFS-P1;Ranunculus acris;0;3;
4;RLP-WIT-AFS-P1;Rosa cv.;0;3;
4;RLP-WIT-AFS-P1;Rosa cv.;1;3;
4;RLP-WIT-AFS-P1;Rudbeckia fulgida;1;3;
4;RLP-WIT-AFS-P1;Salvia sclarea;1;3;
4;RLP-WIT-AFS-P1;Silene coronaria;1;3;
4;RLP-WIT-AFS-P1;Silene dioica;1;3;
4;RLP-WIT-AFS-P1;Solanum lycopersicum;1;3;
4;RLP-WIT-AFS-P1;Stachys byzantina;0;3;
4;RLP-WIT-AFS-P1;Symphytum officinale;0;3;
4;RLP-WIT-AFS-P1;Tanacetum vulgare;1;3;
4;RLP-WIT-AFS-P1;Tithonia rotundifolia;0;3;
4;RLP-WIT-AFS-P1;Trifolium alexandrinum;0;3;
4;RLP-WIT-AFS-P1;Trifolium pratense;0;3;
4;RLP-WIT-AFS-P1;Trifolium repens;1;3;
4;RLP-WIT-AFS-P1;Tripleurospermum perforatum;2;3;
4;RLP-WIT-AFS-P1;Urtica dioica;1;3;
4;RLP-WIT-AFS-P1;Verbascum densiflorum;1;3;
4;RLP-WIT-AFS-P1;Verbascum thapsus;0;3;
4;RLP-WIT-AFS-P1;Verbena cv.;0;3;
4;RLP-WIT-AFS-P1;Vicia villosa;0;3;
4;RLP-WIT-AFS-P1;Viola spec. ;1;3;
4;RLP-WIT-AFS-P2;Cirsium vulgare;1;1;
4;RLP-WIT-AFS-P2;Trifolium pratense;1;1;
4;RLP-WIT-AFS-P2;Trifolium repens;3;1;
4;RLP-WIT-AFS-P2;Vicia villosa;0;1;
4;RLP-WIT-AFS-P3;Achillea millefolium;1;2;
4;RLP-WIT-AFS-P3;Achillea clypeolata;1;2;
4;RLP-WIT-AFS-P3;Aethusa cynapium;2;2;
4;RLP-WIT-AFS-P3;Alchemilla mollis;1;2;
4;RLP-WIT-AFS-P3;Allium fistulosum;1;2;
4;RLP-WIT-AFS-P3;Anagallis arvensis;0;2;
4;RLP-WIT-AFS-P3;Campanula rapunculus;1;2;
4;RLP-WIT-AFS-P3;Centaurea cyanus;1;2;
4;RLP-WIT-AFS-P3;Centaurea jacea;1;2;
4;RLP-WIT-AFS-P3;Centaurea macrocephala;1;2;
4;RLP-WIT-AFS-P3;Chelidonium majus;1;2;
4;RLP-WIT-AFS-P3;Cirsium arvense;1;2;
4;RLP-WIT-AFS-P3;Cirsium vulgare;1;2;
4;RLP-WIT-AFS-P3;Cucumis sativus;1;2;
4;RLP-WIT-AFS-P3;Cucurbita pepo;0;2;
4;RLP-WIT-AFS-P3;Dianthus armeria;0;2;
4;RLP-WIT-AFS-P3;Diascia cv.;1;2;
4;RLP-WIT-AFS-P3;Epilobium lanceolata;0;2;
4;RLP-WIT-AFS-P3;Fagopyrum esculentum;0;2;
4;RLP-WIT-AFS-P3;Fragaria ananassa;1;2;
4;RLP-WIT-AFS-P3;Hypochaeris radicata;0;2;
4;RLP-WIT-AFS-P3;Lamium album;1;2;
4;RLP-WIT-AFS-P3;Lamium purpureum;1;2;
4;RLP-WIT-AFS-P3;Lavandula angustifolia;1;2;
4;RLP-WIT-AFS-P3;Leonurus quinquelobatus;1;2;
4;RLP-WIT-AFS-P3;Lotus corniculatus;1;2;
4;RLP-WIT-AFS-P3;Lycium chinense;1;2;
4;RLP-WIT-AFS-P3;Melissa officinalis;1;2;
4;RLP-WIT-AFS-P3;Mentha arvensis;1;2;
4;RLP-WIT-AFS-P3;Myosotis arvensis;1;2;
4;RLP-WIT-AFS-P3;Papaver rhoeas;0;2;
4;RLP-WIT-AFS-P3;Phaseolus vulgaris;0;2;
4;RLP-WIT-AFS-P3;Polemonium carneum;0;2;
4;RLP-WIT-AFS-P3;Salvia officinalis;0;2;
4;RLP-WIT-AFS-P3;Silene latifolia;1;2;
4;RLP-WIT-AFS-P3;Silene vulgaris;1;2;
4;RLP-WIT-AFS-P3;Solanum lycopersicum;1;2;
4;RLP-WIT-AFS-P3;Solanum tuberosum;0;2;
4;RLP-WIT-AFS-P3;Tanacetum balsamita;1;2;
4;RLP-WIT-AFS-P3;Tanacetum vulgare;1;2;
4;RLP-WIT-AFS-P3;Trifolium alexandrinum;1;2;
4;RLP-WIT-AFS-P3;Trifolium hybridum;0;2;
4;RLP-WIT-AFS-P3;Trifolium repens;1;2;
4;RLP-WIT-AFS-P3;Tripleurospermum perforatum;1;2;
4;RLP-WIT-AFS-P3;Urtica dioica;1;2;
4;RLP-WIT-AFS-P3;Verbena cv.;1;2;
4;RLP-WIT-AFS-P3;Veronica persica;0;2;
4;RLP-WIT-AFS-P3;Vicia villosa;2;2;
4;RLP-WIT-AFS-P4;Cirsium arvense;1;0;
4;RLP-WIT-AFS-P4;Cirsium vulgare;1;0;
4;RLP-WIT-AFS-P4;Trifolium pratense;1;0;
4;RLP-WIT-AFS-P4;Trifolium repens;3;0;
4;RLP-WIT-AFS-P5;Achillea millefolium;2;3;
4;RLP-WIT-AFS-P5;Aethusa cynapium;1;3;
4;RLP-WIT-AFS-P5;Agrostemma githago;1;3;
4;RLP-WIT-AFS-P5;Allium fistulosum;1;3;
4;RLP-WIT-AFS-P5;Artemisia vulgaris;1;3;
4;RLP-WIT-AFS-P5;Borago officinalis;0;3;
4;RLP-WIT-AFS-P5;Calendula officinalis;1;3;
4;RLP-WIT-AFS-P5;Centaurea cyanus;1;3;
4;RLP-WIT-AFS-P5;Centaurea jacea;0;3;
4;RLP-WIT-AFS-P5;Cirsium vulgare;2;3;
4;RLP-WIT-AFS-P5;Convolvulus arvensis;1;3;
4;RLP-WIT-AFS-P5;Coriandrum sativum;1;3;
4;RLP-WIT-AFS-P5;Cosmos bipinnatus;NA;3;
4;RLP-WIT-AFS-P5;Crepis capillaris;1;3;
4;RLP-WIT-AFS-P5;Daucus carota;1;3;
4;RLP-WIT-AFS-P5;Dipsacus fullonum;1;3;
4;RLP-WIT-AFS-P5;Epilobium spec. ;1;3;
4;RLP-WIT-AFS-P5;Erigeron annuus;1;3;
4;RLP-WIT-AFS-P5;Fagopyrum esculentum;2;3;
4;RLP-WIT-AFS-P5;Fragaria ananassa;1;3;
4;RLP-WIT-AFS-P5;Geranium pusillum;1;3;
4;RLP-WIT-AFS-P5;Glebionis coronaria;0;3;
4;RLP-WIT-AFS-P5;Helichrysum italicum;0;3;
4;RLP-WIT-AFS-P5;Lamium purpureum;1;3;
4;RLP-WIT-AFS-P5;Lupinus polyphyllus;1;3;
4;RLP-WIT-AFS-P5;Malva sylvestris;1;3;
4;RLP-WIT-AFS-P5;Myosotis arvensis;0;3;
4;RLP-WIT-AFS-P5;Osteospermum cv.;1;3;
4;RLP-WIT-AFS-P5;Papaver rhoeas;1;3;
4;RLP-WIT-AFS-P5;Petunia atkinsiana;1;3;
4;RLP-WIT-AFS-P5;Phacelia tanacetifolia;1;3;
4;RLP-WIT-AFS-P5;Polemonium carneum;1;3;
4;RLP-WIT-AFS-P5;Raphanus sativus;1;3;
4;RLP-WIT-AFS-P5;Salvia viridis;0;3;
4;RLP-WIT-AFS-P5;Silene latifolia;2;3;
4;RLP-WIT-AFS-P5;Sinapis alba;1;3;
4;RLP-WIT-AFS-P5;Solanum lycopersicum;1;3;
4;RLP-WIT-AFS-P5;Tanacetum vulgare;1;3;
4;RLP-WIT-AFS-P5;Trifolium incarnatum;1;3;
4;RLP-WIT-AFS-P5;Trifolium pratense;0;3;
4;RLP-WIT-AFS-P5;Trifolium resupinatum;0;3;
4;RLP-WIT-AFS-P5;Verbena cv.;1;3;
4;RLP-WIT-AFS-P5;Vicia villosa;1;3;
4;RLP-WIT-AFS-P6;Cirsium arvense;1;0;
4;RLP-WIT-AFS-P6;Tanacetum vulgare;0;0;
4;RLP-WIT-AFS-P6;Trifolium pratense;3;0;
4;RLP-WIT-AFS-P6;Trifolium repens;3;0;
4;RLP-WIT-AFS-P6;Vicia villosa;0;0;
4;RLP-WIT-REF-P10;Achillea millefolium;1;1;
4;RLP-WIT-REF-P10;Anagallis arvensis;0;1;
4;RLP-WIT-REF-P10;Campanula rapunculus;0;1;
4;RLP-WIT-REF-P10;Convolvulus arvensis;2;1;
4;RLP-WIT-REF-P10;Crepis capillaris;2;1;
4;RLP-WIT-REF-P10;Daucus carota;3;1;
4;RLP-WIT-REF-P10;Erigeron canadensis;0;1;
4;RLP-WIT-REF-P10;Geranium dissectum;0;1;
4;RLP-WIT-REF-P10;Hypochaeris radicata;1;1;
4;RLP-WIT-REF-P10;Lotus corniculatus;0;1;
4;RLP-WIT-REF-P10;Plantago lanceolata;1;1;
4;RLP-WIT-REF-P10;Trifolium pratense;1;1;
4;RLP-WIT-REF-P10;Tripleurospermum perforatum;1;1;
4;RLP-WIT-REF-P11;Cirsium arvense;1;1;
4;RLP-WIT-REF-P11;Crepis capillaris;2;1;
4;RLP-WIT-REF-P11;Daucus carota;1;1;
4;RLP-WIT-REF-P11;Hypochaeris radicata;0;1;
4;RLP-WIT-REF-P11;Myosotis arvensis;1;1;
4;RLP-WIT-REF-P11;Plantago lanceolata;1;1;
4;RLP-WIT-REF-P11;Trifolium pratense;2;1;
4;RLP-WIT-REF-P11;Trifolium repens;3;1;
4;RLP-WIT-REF-P12;Achillea millefolium;1;1;
4;RLP-WIT-REF-P12;Campanula rapunculus;0;1;
4;RLP-WIT-REF-P12;Cirsium arvense;1;1;
4;RLP-WIT-REF-P12;Crepis capillaris;1;1;
4;RLP-WIT-REF-P12;Daucus carota;1;1;
4;RLP-WIT-REF-P12;Galium mollugo;1;1;
4;RLP-WIT-REF-P12;Geranium dissectum;0;1;
4;RLP-WIT-REF-P12;Hypericum perforatum;1;1;
4;RLP-WIT-REF-P12;Hypochaeris radicata;2;1;
4;RLP-WIT-REF-P12;Matricaria chamomilla;1;1;
4;RLP-WIT-REF-P12;Myosotis arvensis;1;1;
4;RLP-WIT-REF-P12;Plantago lanceolata;1;1;
4;RLP-WIT-REF-P12;Trifolium pratense;1;1;
4;RLP-WIT-REF-P12;Trifolium repens;2;1;
4;RLP-WIT-REF-P7;Achillea millefolium;2;1;
4;RLP-WIT-REF-P7;Cirsium arvense;1;1;
4;RLP-WIT-REF-P7;Convolvulus arvensis;3;1;
4;RLP-WIT-REF-P7;Crepis capillaris;1;1;
4;RLP-WIT-REF-P7;Daucus carota;1;1;
4;RLP-WIT-REF-P7;Hypericum perforatum;0;1;
4;RLP-WIT-REF-P7;Hypochaeris radicata;0;1;
4;RLP-WIT-REF-P7;Plantago lanceolata;1;1;
4;RLP-WIT-REF-P7;Trifolium pratense;0;1;
4;RLP-WIT-REF-P8;Jacobaea vulgaris;0;1;
4;RLP-WIT-REF-P8;Achillea millefolium;2;1;
4;RLP-WIT-REF-P8;Chenopodium album;0;1;
4;RLP-WIT-REF-P8;Cirsium arvense;0;1;
4;RLP-WIT-REF-P8;Convolvulus arvensis;3;1;
4;RLP-WIT-REF-P8;Crepis capillaris;1;1;
4;RLP-WIT-REF-P8;Daucus carota;3;1;
4;RLP-WIT-REF-P8;Hypochaeris radicata;1;1;
4;RLP-WIT-REF-P8;Plantago lanceolata;1;1;
4;RLP-WIT-REF-P8;Trifolium pratense;1;1;
4;RLP-WIT-REF-P8;Trifolium repens;0;1;
4;RLP-WIT-REF-P8;Tripleurospermum perforatum;0;1;
4;RLP-WIT-REF-P9;Jacobaea vulgaris;1;1;
4;RLP-WIT-REF-P9;Achillea millefolium;1;1;
4;RLP-WIT-REF-P9;Convolvulus arvensis;0;1;
4;RLP-WIT-REF-P9;Crepis capillaris;1;1;
4;RLP-WIT-REF-P9;Daucus carota;3;1;
4;RLP-WIT-REF-P9;Hypochaeris radicata;1;1;
4;RLP-WIT-REF-P9;Plantago lanceolata;2;1;
4;RLP-WIT-REF-P9;Trifolium pratense;2;1;
4;RLP-WIT-REF-P9;Tripleurospermum perforatum;1;1;
5;HE-BV-AFS-P0; ;NA;0;
5;HE-BV-AFS-P1;Agrimonia eupatoria;0;1;
5;HE-BV-AFS-P1;Cirsium arvense;3;1;
5;HE-BV-AFS-P1;Lactuca serriola;1;1;
5;HE-BV-AFS-P1;Lamium album;1;1;
5;HE-BV-AFS-P1;Tanacetum vulgare;2;1;
5;HE-BV-AFS-P2; ;NA;0;
5;HE-BV-AFS-P3;Agrimonia eupatoria;1;1;
5;HE-BV-AFS-P3;Cirsium arvense;3;1;
5;HE-BV-AFS-P3;Cornus sanguinea;1;1;
5;HE-BV-AFS-P3;Daucus carota;1;1;
5;HE-BV-AFS-P3;Erigeron canadensis;1;1;
5;HE-BV-AFS-P3;Lactuca serriola;1;1;
5;HE-BV-AFS-P3;Lamium album;1;1;
5;HE-BV-AFS-P3;Torilis japonica;1;1;
5;HE-BV-AFS-P3;Tripleurospermum perforatum;1;1;
5;HE-BV-AFS-P4; ;NA;0;
5;HE-BV-AFS-P5;Agrimonia eupatoria;1;1;
5;HE-BV-AFS-P5;Cirsium arvense;3;1;
5;HE-BV-AFS-P5;Mitgenommen ;3;1;
5;HE-BV-AFS-P5;Tripleurospermum perforatum;2;1;
5;HE-BV-AFS-P6; ;NA;0;
5;HE-BV-REF-P10; ;NA;0;
5;HE-BV-REF-P11; ;NA;0;
5;HE-BV-REF-P12; ;NA;0;
5;HE-BV-REF-P7; ;NA;0;
5;HE-BV-REF-P8; ;NA;0;
5;HE-BV-REF-P9; ;NA;0;
5;RLP-KW-AFS-P1;Cirsium arvense;3;1;
5;RLP-KW-AFS-P1;Rumex crispus;1;1;
5;RLP-KW-AFS-P2;Plantago lanceolata;1;1;
5;RLP-KW-AFS-P2;Rumex crispus;2;1;
5;RLP-KW-AFS-P2;Trifolium repens;3;1;
5;RLP-KW-AFS-P2;Veronica persica;1;1;
5;RLP-KW-AFS-P3;Cirsium arvense;3;0;
5;RLP-KW-AFS-P4;Cirsium arvense;1;1;
5;RLP-KW-AFS-P4;Trifolium repens;3;1;
5;RLP-KW-AFS-P4;Veronica persica;2;1;
5;RLP-KW-AFS-P5;Cirsium arvense;3;1;
5;RLP-KW-AFS-P5;Medicago sativa;1;1;
5;RLP-KW-AFS-P5;Rumex crispus;2;1;
5;RLP-KW-AFS-P6;Cirsium arvense;1;1;
5;RLP-KW-AFS-P6;Rumex crispus;1;1;
5;RLP-KW-AFS-P6;Trifolium repens;3;1;
5;RLP-KW-REF-P10;Carduus crispus;3;0;
5;RLP-KW-REF-P10;Lactuca serriola;1;0;
5;RLP-KW-REF-P10;Sinapis arvense;2;0;
5;RLP-KW-REF-P11;Lactuca serriola;2;0;
5;RLP-KW-REF-P11;Rumex obtusifolius;1;0;
5;RLP-KW-REF-P11;Sinapis arvense;2;0;
5;RLP-KW-REF-P11;Sonchus asper;1;0;
5;RLP-KW-REF-P11;Veronica persica;2;0;
5;RLP-KW-REF-P12;Lactuca serriola;1;0;
5;RLP-KW-REF-P12;Rumex crispus;1;0;
5;RLP-KW-REF-P12;Sinapis arvense;1;0;
5;RLP-KW-REF-P12;Trifolium pratense;0;0;
5;RLP-KW-REF-P12;Trifolium repens;3;0;
5;RLP-KW-REF-P12;Tripleurospermum perforatum;1;0;
5;RLP-KW-REF-P12;Veronica persica;1;0;
5;RLP-KW-REF-P7;Raphanus raphanistrum;0;1;
5;RLP-KW-REF-P7;Rubus caesius;0;1;
5;RLP-KW-REF-P7;Sinapis arvense;1;1;
5;RLP-KW-REF-P7;Trifolium pratense;2;1;
5;RLP-KW-REF-P7;Trifolium repens;3;1;
5;RLP-KW-REF-P7;Tripleurospermum perforatum;1;1;
5;RLP-KW-REF-P8;Carduus crispus;1;1;
5;RLP-KW-REF-P8;Lactuca serriola;2;1;
5;RLP-KW-REF-P8;Sinapis arvense;1;1;
5;RLP-KW-REF-P8;Sonchus asper;1;1;
5;RLP-KW-REF-P8;Trifolium repens;2;1;
5;RLP-KW-REF-P9;Carduus crispus;1;1;
5;RLP-KW-REF-P9;Rumex crispus;1;1;
5;RLP-KW-REF-P9;Sinapis arvense;1;1;
5;HE-WI-AFS-P1;Physalis alkekengi;0;2;
5;HE-WI-AFS-P1;Borago officinalis;1;2;
5;HE-WI-AFS-P1;Carduus crispus;1;2;
5;HE-WI-AFS-P1;Cichorium intybus;1;2;
5;HE-WI-AFS-P1;Convolvulus arvensis;1;2;
5;HE-WI-AFS-P1;Crepis capillaris;0;2;
5;HE-WI-AFS-P1;Daucus carota;1;2;
5;HE-WI-AFS-P1;Epilobium hirsutum;2;2;
5;HE-WI-AFS-P1;Galium mollugo;1;2;
5;HE-WI-AFS-P1;Geum urbanum;1;2;
5;HE-WI-AFS-P1;Lavandula angustifolia;1;2;
5;HE-WI-AFS-P1;Malva sylvestris;1;2;
5;HE-WI-AFS-P1;Medicago sativa;2;2;
5;HE-WI-AFS-P1;Melissa officinalis;2;2;
5;HE-WI-AFS-P1;Mentha aquatica;2;2;
5;HE-WI-AFS-P1;Mentha spicata;2;2;
5;HE-WI-AFS-P1;Nepeta racemosa;1;2;
5;HE-WI-AFS-P1;Ranunculus acris;1;2;
5;HE-WI-AFS-P1;Rosa spec.;1;2;
5;HE-WI-AFS-P1;Rosa spec. ;1;2;
5;HE-WI-AFS-P1;Salvia officinalis;1;2;
5;HE-WI-AFS-P1;Solidago canadensis;1;2;
5;HE-WI-AFS-P1;Symphytum officinale;1;2;
5;HE-WI-AFS-P1;Taraxacum sectio Ruderalia;0;2;
5;HE-WI-AFS-P1;Urtica dioica;0;2;
5;HE-WI-AFS-P2;Erigeron annuus subsp. strigosus;1;2;
5;HE-WI-AFS-P2;Cucurbita moschata;2;2;
5;HE-WI-AFS-P2;Cucurbita maxima;1;2;
5;HE-WI-AFS-P2;Cucurbita pepo;1;2;
5;HE-WI-AFS-P2;Achillea millefolium;1;2;
5;HE-WI-AFS-P2;Bellis perennis;1;2;
5;HE-WI-AFS-P2;Carduus acanthoides;1;2;
5;HE-WI-AFS-P2;Carduus crispus;1;2;
5;HE-WI-AFS-P2;Cichorium intybus;0;2;
5;HE-WI-AFS-P2;Crepis capillaris;2;2;
5;HE-WI-AFS-P2;Daucus carota;2;2;
5;HE-WI-AFS-P2;Galium mollugo;1;2;
5;HE-WI-AFS-P2;Lactuca serriola;2;2;
5;HE-WI-AFS-P2;Medicago sativa;1;2;
5;HE-WI-AFS-P2;Plantago lanceolata;1;2;
5;HE-WI-AFS-P2;Ranunculus acris;0;2;
5;HE-WI-AFS-P2;Rumex obtusifolius;1;2;
5;HE-WI-AFS-P2;Sonchus asper;2;2;
5;HE-WI-AFS-P2;Sonchus oleraceus;1;2;
5;HE-WI-AFS-P2;Taraxacum sectio Ruderalia;1;2;
5;HE-WI-AFS-P2;Trifolium pratense;1;2;
5;HE-WI-AFS-P2;Trifolium repens;1;2;
5;HE-WI-AFS-P2;Veronica persica;1;2;
5;HE-WI-AFS-P3;Bellis perennis;0;1;
5;HE-WI-AFS-P3;Borago officinalis;2;1;
5;HE-WI-AFS-P3;Convolvulus arvensis;3;1;
5;HE-WI-AFS-P3;Crepis capillaris;1;1;
5;HE-WI-AFS-P3;Epilobium hirsutum;0;1;
5;HE-WI-AFS-P3;Galium mollugo;1;1;
5;HE-WI-AFS-P3;Medicago sativa;2;1;
5;HE-WI-AFS-P3;Mentha aquatica;2;1;
5;HE-WI-AFS-P3;Sonchus asper;1;1;
5;HE-WI-AFS-P3;Sonchus oleraceus;0;1;
5;HE-WI-AFS-P3;Symphytum officinale;2;1;
5;HE-WI-AFS-P3;Urtica dioica;1;1;
5;HE-WI-AFS-P3;Veronica persica;1;1;
5;HE-WI-AFS-P4;Jacobaea vulgaris;1;1;
5;HE-WI-AFS-P4;Achillea millefolium;2;1;
5;HE-WI-AFS-P4;Bellis perennis;1;1;
5;HE-WI-AFS-P4;Carduus crispus;2;1;
5;HE-WI-AFS-P4;Cirsium arvense;1;1;
5;HE-WI-AFS-P4;Convolvulus arvensis;2;1;
5;HE-WI-AFS-P4;Crepis capillaris;1;1;
5;HE-WI-AFS-P4;Erigeron canadensis;1;1;
5;HE-WI-AFS-P4;Medicago sativa;2;1;
5;HE-WI-AFS-P4;Plantago lanceolata;2;1;
5;HE-WI-AFS-P4;Silene latifolia;1;1;
5;HE-WI-AFS-P4;Trifolium repens;1;1;
5;HE-WI-AFS-P4;Veronica persica;1;1;
5;HE-WI-AFS-P5;Allium schoenoprasum;1;2;
5;HE-WI-AFS-P5;Artemisia vulgaris;0;2;
5;HE-WI-AFS-P5;Borago officinalis;2;2;
5;HE-WI-AFS-P5;Buddleja davidii;1;2;
5;HE-WI-AFS-P5;Centaurea jacea;0;2;
5;HE-WI-AFS-P5;Chenopodium hybridum;0;2;
5;HE-WI-AFS-P5;Convolvulus arvensis;1;2;
5;HE-WI-AFS-P5;Crepis capillaris;0;2;
5;HE-WI-AFS-P5;Cucurbita pepo;1;2;
5;HE-WI-AFS-P5;Cucurbita spec. ;0;2;
5;HE-WI-AFS-P5;Cynara cardunculus var. scolymus;1;2;
5;HE-WI-AFS-P5;Epilobium hirsutum;2;2;
5;HE-WI-AFS-P5;Melissa officinalis;2;2;
5;HE-WI-AFS-P5;Mentha spicata;2;2;
5;HE-WI-AFS-P5;Raphanus raphanistrum;0;2;
5;HE-WI-AFS-P5;Ridolfia segetum;0;2;
5;HE-WI-AFS-P5;Salvia officinalis;1;2;
5;HE-WI-AFS-P5;Solanum lycopersicum;1;2;
5;HE-WI-AFS-P5;Solanum melongena;1;2;
5;HE-WI-AFS-P5;Solanum nigrum;1;2;
5;HE-WI-AFS-P5;Solanum tuberosum;1;2;
5;HE-WI-AFS-P5;Trifolium repens;0;2;
5;HE-WI-AFS-P5;Vicia faba;1;2;
5;HE-WI-AFS-P6;Jacobaea vulgaris;0;1;
5;HE-WI-AFS-P6;Bellis perennis;1;1;
5;HE-WI-AFS-P6;Carduus crispus;1;1;
5;HE-WI-AFS-P6;Cichorium intybus;1;1;
5;HE-WI-AFS-P6;Convolvulus arvensis;0;1;
5;HE-WI-AFS-P6;Crepis capillaris;2;1;
5;HE-WI-AFS-P6;Cucurbita moschata;3;1;
5;HE-WI-AFS-P6;Daucus carota;1;1;
5;HE-WI-AFS-P6;Dipsacus fullonum;0;1;
5;HE-WI-AFS-P6;Erigeron annuus;1;1;
5;HE-WI-AFS-P6;Geranium dissectum;0;1;
5;HE-WI-AFS-P6;Medicago sativa;1;1;
5;HE-WI-AFS-P6;Origanum vulgare;0;1;
5;HE-WI-AFS-P6;Plantago lanceolata;0;1;
5;HE-WI-AFS-P6;Senecio inaequidens;0;1;
5;HE-WI-AFS-P6;Tripleurospermum perforatum;1;1;
5;HE-WI-AFS-P6;Veronica persica;1;1;
5;HE-WI-REF-P10;Cucurbita maxima;2;1;
5;HE-WI-REF-P10;Achillea millefolium;2;1;
5;HE-WI-REF-P10;Bellis perennis;1;1;
5;HE-WI-REF-P10;Chenopodium hybridum;1;1;
5;HE-WI-REF-P10;Cirsium arvense;2;1;
5;HE-WI-REF-P10;Convolvulus arvensis;2;1;
5;HE-WI-REF-P10;Erigeron canadensis;1;1;
5;HE-WI-REF-P10;Geum urbanum;1;1;
5;HE-WI-REF-P10;Medicago sativa;3;1;
5;HE-WI-REF-P10;Trifolium pratense;1;1;
5;HE-WI-REF-P11;Cucurbita pepo;1;1;
5;HE-WI-REF-P11;Cucurbita maxima ;3;1;
5;HE-WI-REF-P11;Bellis perennis;0;1;
5;HE-WI-REF-P11;Convolvulus arvensis;3;1;
5;HE-WI-REF-P11;Crepis capillaris;1;1;
5;HE-WI-REF-P11;Geranium dissectum;0;1;
5;HE-WI-REF-P11;Malva sylvestris;1;1;
5;HE-WI-REF-P11;Medicago sativa;1;1;
5;HE-WI-REF-P11;Rumex obtusifolius;1;1;
5;HE-WI-REF-P11;Veronica persica;1;1;
5;HE-WI-REF-P12;Cucurbita pepo;0;1;
5;HE-WI-REF-P12;Cucurbita maxima;2;1;
5;HE-WI-REF-P12;Cirsium arvense;1;1;
5;HE-WI-REF-P12;Convolvulus arvensis;3;1;
5;HE-WI-REF-P12;Crepis capillaris;2;1;
5;HE-WI-REF-P12;Galium mollugo;1;1;
5;HE-WI-REF-P12;Medicago sativa;2;1;
5;HE-WI-REF-P12;Papaver rhoeas;1;1;
5;HE-WI-REF-P12;Sonchus asper;0;1;
5;HE-WI-REF-P12;Sonchus oleraceus;1;1;
5;HE-WI-REF-P12;Trifolium pratense;0;1;
5;HE-WI-REF-P12;Veronica persica;1;1;
5;HE-WI-REF-P7;Cucurbita maxima;2;2;
5;HE-WI-REF-P7;Achillea millefolium;2;2;
5;HE-WI-REF-P7;Bellis perennis;1;2;
5;HE-WI-REF-P7;Capsella bursa-pastoris;0;2;
5;HE-WI-REF-P7;Carduus crispus;2;2;
5;HE-WI-REF-P7;Chenopodium hybridum;2;2;
5;HE-WI-REF-P7;Chenopodium album;2;2;
5;HE-WI-REF-P7;Cirsium arvense;1;2;
5;HE-WI-REF-P7;Convolvulus arvensis;1;2;
5;HE-WI-REF-P7;Daucus carota;2;2;
5;HE-WI-REF-P7;Dipsacus fullonum;0;2;
5;HE-WI-REF-P7;Malva sylvestris;1;2;
5;HE-WI-REF-P7;Medicago sativa;2;2;
5;HE-WI-REF-P7;Rumex obtusifolius;1;2;
5;HE-WI-REF-P7;Trifolium repens;2;2;
5;HE-WI-REF-P8;Cucurbita maxima;2;1;
5;HE-WI-REF-P8;Bellis perennis;1;1;
5;HE-WI-REF-P8;Chenopodium hybridum;1;1;
5;HE-WI-REF-P8;Chenopodium album;2;1;
5;HE-WI-REF-P8;Cirsium arvense;0;1;
5;HE-WI-REF-P8;Convolvulus arvensis;1;1;
5;HE-WI-REF-P8;Medicago sativa;2;1;
5;HE-WI-REF-P8;Mercurialis annua;0;1;
5;HE-WI-REF-P8;Rumex obtusifolius;1;1;
5;HE-WI-REF-P8;Trifolium repens;1;1;
5;HE-WI-REF-P8;Veronica persica;0;1;
5;HE-WI-REF-P9;Cucurbita maxima;1;2;
5;HE-WI-REF-P9;Capsella bursa-pastoris;1;2;
5;HE-WI-REF-P9;Carduus crispus;1;2;
5;HE-WI-REF-P9;Chenopodium hybridum;0;2;
5;HE-WI-REF-P9;Chenopodium album;3;2;
5;HE-WI-REF-P9;Convolvulus arvensis;2;2;
5;HE-WI-REF-P9;Crepis capillaris;1;2;
5;HE-WI-REF-P9;Erigeron annuus;1;2;
5;HE-WI-REF-P9;Erigeron canadensis;2;2;
5;HE-WI-REF-P9;Malva sylvestris;1;2;
5;HE-WI-REF-P9;Medicago sativa;2;2;
5;HE-WI-REF-P9;Mercurialis annua;1;2;
5;RLP-WIT-AFS-P1;Dianthus balbisii;0;3;
5;RLP-WIT-AFS-P1;Jacobaea vulgaris;1;3;
5;RLP-WIT-AFS-P1;Achillea millefolium;1;3;
5;RLP-WIT-AFS-P1;Aethusa cynapium;1;3;
5;RLP-WIT-AFS-P1;Berteroa incana;0;3;
5;RLP-WIT-AFS-P1;Buddleja davidii;1;3;
5;RLP-WIT-AFS-P1;Centaurea montana;0;3;
5;RLP-WIT-AFS-P1;Cirsium vulgare;0;3;
5;RLP-WIT-AFS-P1;Crepis capillaris;1;3;
5;RLP-WIT-AFS-P1;Daucus carota;2;3;
5;RLP-WIT-AFS-P1;Diasca cv.;0;3;
5;RLP-WIT-AFS-P1;Digitalis purpurea;0;3;
5;RLP-WIT-AFS-P1;Echium vulgare;2;3;
5;RLP-WIT-AFS-P1;Epilobium lanceolata;0;3;
5;RLP-WIT-AFS-P1;Erigeron annuus;1;3;
5;RLP-WIT-AFS-P1;Helianthus annuus;1;3;
5;RLP-WIT-AFS-P1;Helianthus maximiliani;1;3;
5;RLP-WIT-AFS-P1;Hypochaeris radicata;0;3;
5;RLP-WIT-AFS-P1;Hyssopus officinalis;1;3;
5;RLP-WIT-AFS-P1;Lactuca serriola;0;3;
5;RLP-WIT-AFS-P1;Lamium album;1;3;
5;RLP-WIT-AFS-P1;Lamium purpureum;1;3;
5;RLP-WIT-AFS-P1;Leontodon incanus;0;3;
5;RLP-WIT-AFS-P1;Leucanthemum vulgare;0;3;
5;RLP-WIT-AFS-P1;Linaria vulgaris;0;3;
5;RLP-WIT-AFS-P1;Linum grandiflorum;0;3;
5;RLP-WIT-AFS-P1;Mentha aquatica;1;3;
5;RLP-WIT-AFS-P1;Mentha arvensis;2;3;
5;RLP-WIT-AFS-P1;Phuopsis stylosa;1;3;
5;RLP-WIT-AFS-P1;Polemonium carneum;1;3;
5;RLP-WIT-AFS-P1;Picris hieracioides;1;3;
5;RLP-WIT-AFS-P1;Rosa spec. ;0;3;
5;RLP-WIT-AFS-P1;Rudbeckia fulgida;2;3;
5;RLP-WIT-AFS-P1;Salvia sclarea;1;3;
5;RLP-WIT-AFS-P1;Senecio spec. ;1;3;
5;RLP-WIT-AFS-P1;Silene dioica;0;3;
5;RLP-WIT-AFS-P1;Silene latifolia;1;3;
5;RLP-WIT-AFS-P1;Solanum lycopersicum;0;3;
5;RLP-WIT-AFS-P1;Sonchus oleraceus;1;3;
5;RLP-WIT-AFS-P1;Stachys byzantina;1;3;
5;RLP-WIT-AFS-P1;Symphyotrichum novae-angliae;1;3;
5;RLP-WIT-AFS-P1;Symphytum officinale;1;3;
5;RLP-WIT-AFS-P1;Tanacetum vulgare;1;3;
5;RLP-WIT-AFS-P1;Tithonia rotundifolia;0;3;
5;RLP-WIT-AFS-P1;Trifolium pratense;1;3;
5;RLP-WIT-AFS-P1;Trifolium repens;1;3;
5;RLP-WIT-AFS-P1;Tripleurospermum perforatum;1;3;
5;RLP-WIT-AFS-P1;Tropaeolum majus;0;3;
5;RLP-WIT-AFS-P1;Verbascum densiflorum;1;3;
5;RLP-WIT-AFS-P1;Verbascum nigrum;1;3;
5;RLP-WIT-AFS-P1;Verbena cv.;1;3;
5;RLP-WIT-AFS-P1;Vicia villosa;1;3;
5;RLP-WIT-AFS-P2;Cirsium arvense;1;2;
5;RLP-WIT-AFS-P2;Cirsium vulgare;1;2;
5;RLP-WIT-AFS-P2;Trifolium pratense;3;2;
5;RLP-WIT-AFS-P2;Trifolium repens;2;2;
5;RLP-WIT-AFS-P2;Vicia villosa;1;2;
5;RLP-WIT-AFS-P3;Jacobaea vulgaris;0;3;
5;RLP-WIT-AFS-P3;Achillea millefolium;1;3;
5;RLP-WIT-AFS-P3;Achillea millefolium;1;3;
5;RLP-WIT-AFS-P3;Aethusa cynapium;2;3;
5;RLP-WIT-AFS-P3;Centaurea jacea;0;3;
5;RLP-WIT-AFS-P3;Cirsium arvense;2;3;
5;RLP-WIT-AFS-P3;Anthemis tinctoria;0;3;
5;RLP-WIT-AFS-P3;Crepis capillaris;0;3;
5;RLP-WIT-AFS-P3;Daucus carota;0;3;
5;RLP-WIT-AFS-P3;Dianthus barbatus;0;3;
5;RLP-WIT-AFS-P3;Diascia cv.;0;3;
5;RLP-WIT-AFS-P3;Digitalis purpurea;0;3;
5;RLP-WIT-AFS-P3;Erigeron annuus;1;3;
5;RLP-WIT-AFS-P3;Fragaria ananassa;0;3;
5;RLP-WIT-AFS-P3;Helianthus maximiliani;1;3;
5;RLP-WIT-AFS-P3;Lactuca serriola;1;3;
5;RLP-WIT-AFS-P3;Lapsana communis;0;3;
5;RLP-WIT-AFS-P3;Lavandula angustifolia;1;3;
5;RLP-WIT-AFS-P3;Lycium barbarum;0;3;
5;RLP-WIT-AFS-P3;Melissa officinalis;1;3;
5;RLP-WIT-AFS-P3;Mentha arvensis;2;3;
5;RLP-WIT-AFS-P3;Persicaria maculosa;1;3;
5;RLP-WIT-AFS-P3;Physalis peruviana;0;3;
5;RLP-WIT-AFS-P3;Picris hieracioides;1;3;
5;RLP-WIT-AFS-P3;Silene latifolia;1;3;
5;RLP-WIT-AFS-P3;Solanum tuberosum;1;3;
5;RLP-WIT-AFS-P3;Sonchus asper;1;3;
5;RLP-WIT-AFS-P3;Symphyotrichum laeve;1;3;
5;RLP-WIT-AFS-P3;Tanacetum vulgare;1;3;
5;RLP-WIT-AFS-P3;Taraxacum sectio Ruderalia;0;3;
5;RLP-WIT-AFS-P3;Trifolium pratense;1;3;
5;RLP-WIT-AFS-P3;Trifolium repens;0;3;
5;RLP-WIT-AFS-P3;Tripleurospermum perforatum;1;3;
5;RLP-WIT-AFS-P3;Veronica persica;0;3;
5;RLP-WIT-AFS-P3;Vicia villosa;2;3;
5;RLP-WIT-AFS-P4;Plantago lanceolata;1;2;
5;RLP-WIT-AFS-P4;Silene latifolia;1;2;
5;RLP-WIT-AFS-P4;Trifolium pratense;3;2;
5;RLP-WIT-AFS-P4;Trifolium repens;2;2;
5;RLP-WIT-AFS-P4;Vicia villosa;1;2;
5;RLP-WIT-AFS-P5;Achillea millefolium;2;3;
5;RLP-WIT-AFS-P5;Aethusa cynapium;2;3;
5;RLP-WIT-AFS-P5;Allium fistulosum;1;2;
5;RLP-WIT-AFS-P5;Borago officinalis;1;3;
5;RLP-WIT-AFS-P5;Centaurea cyanus;1;3;
5;RLP-WIT-AFS-P5;Centaurea jacea;0;3;
5;RLP-WIT-AFS-P5;Chenopodium album;1;3;
5;RLP-WIT-AFS-P5;Cirsium arvense;1;3;
5;RLP-WIT-AFS-P5;Cirsium vulgare;1;3;
5;RLP-WIT-AFS-P5;Convolvulus arvensis;0;2;
5;RLP-WIT-AFS-P5;Cosmos sulphureus;0;3;
5;RLP-WIT-AFS-P5;Crepis capillaris;2;3;
5;RLP-WIT-AFS-P5;Cucurbita pepo;1;3;
5;RLP-WIT-AFS-P5;Daucus carota;1;3;
5;RLP-WIT-AFS-P5;Erigeron annuus;1;3;
5;RLP-WIT-AFS-P5;Fagopyrum esculentum;2;3;
5;RLP-WIT-AFS-P5;Fragaria ananassa;0;2;
5;RLP-WIT-AFS-P5;Galinsoga quadriradiata;0;3;
5;RLP-WIT-AFS-P5;Geranium pusillum;0;3;
5;RLP-WIT-AFS-P5;Glebionis segetum;0;3;
5;RLP-WIT-AFS-P5;Lactuca serriola;0;3;
5;RLP-WIT-AFS-P5;Lupinus polyphyllus;1;3;
5;RLP-WIT-AFS-P5;Malva sylvestris;1;3;
5;RLP-WIT-AFS-P5;Mentha arvensis;1;3;
5;RLP-WIT-AFS-P5;Papaver rhoeas;0;3;
5;RLP-WIT-AFS-P5;Petunia atkinsiana;0;3;
5;RLP-WIT-AFS-P5;Phacelia tanacetifolia;1;3;
5;RLP-WIT-AFS-P5;Picris hieracioides;1;3;
5;RLP-WIT-AFS-P5;Polemonium caeruleum;1;3;
5;RLP-WIT-AFS-P5;Raphanus sativus;1;3;
5;RLP-WIT-AFS-P5;Rudbeckia hirta;0;3;
5;RLP-WIT-AFS-P5;Rumex obtusifolius;0;3;
5;RLP-WIT-AFS-P5;Silene latifolia;1;3;
5;RLP-WIT-AFS-P5;Sinapis alba;1;3;
5;RLP-WIT-AFS-P5;Solidago canadensis;2;3;
5;RLP-WIT-AFS-P5;Sonchus asper;1;3;
5;RLP-WIT-AFS-P5;Tanacetum vulgare;0;3;
5;RLP-WIT-AFS-P5;Trifolium hybridum;1;3;
5;RLP-WIT-AFS-P5;Trifolium incarnatum;2;3;
5;RLP-WIT-AFS-P5;Trifolium pratense;1;2;
5;RLP-WIT-AFS-P5;Trifolium repens;1;2;
5;RLP-WIT-AFS-P5;Tripleurospermum perforatum;1;3;
5;RLP-WIT-AFS-P5;Vicia villosa;2;3;
5;RLP-WIT-AFS-P5;Zinnaria elegans;0;3;
5;RLP-WIT-AFS-P6;Cirsium arvense;1;1;
5;RLP-WIT-AFS-P6;Crepis capillaris;0;1;
5;RLP-WIT-AFS-P6;Trifolium hybridum;1;1;
5;RLP-WIT-AFS-P6;Trifolium pratense;3;1;
5;RLP-WIT-AFS-P6;Vicia villosa;1;1;
5;RLP-WIT-REF-P10;Crepis capillaris;1;1;
5;RLP-WIT-REF-P10;Daucus carota;3;1;
5;RLP-WIT-REF-P10;Plantago lanceolata;2;1;
5;RLP-WIT-REF-P10;Trifolium pratense;1;1;
5;RLP-WIT-REF-P10;Tripleurospermum perforatum;1;1;
5;RLP-WIT-REF-P11;Crepis capillaris;1;1;
5;RLP-WIT-REF-P11;Daucus carota;1;1;
5;RLP-WIT-REF-P11;Plantago lanceolata;3;1;
5;RLP-WIT-REF-P11;Trifolium pratense;0;1;
5;RLP-WIT-REF-P11;Trifolium repens;1;1;
5;RLP-WIT-REF-P11;Tripleurospermum perforatum;0;1;
5;RLP-WIT-REF-P12;Daucus carota;2;0;
5;RLP-WIT-REF-P12;Hypochaeris radicata;1;0;
5;RLP-WIT-REF-P12;Plantago lanceolata;2;0;
5;RLP-WIT-REF-P12;Trifolium pratense;1;0;
5;RLP-WIT-REF-P12;Trifolium repens;2;0;
5;RLP-WIT-REF-P12;Tripleurospermum perforatum;2;0;
5;RLP-WIT-REF-P7;Convolvulus arvensis;1;1;
5;RLP-WIT-REF-P7;Crepis capillaris;1;1;
5;RLP-WIT-REF-P7;Daucus carota;1;1;
5;RLP-WIT-REF-P7;Plantago lanceolata;3;1;
5;RLP-WIT-REF-P7;Scorzoneroides autumnalis;1;1;
5;RLP-WIT-REF-P7;Trifolium pratense;0;1;
5;RLP-WIT-REF-P8;Convolvulus arvensis;0;1;
5;RLP-WIT-REF-P8;Crepis capillaris;1;1;
5;RLP-WIT-REF-P8;Daucus carota;3;1;
5;RLP-WIT-REF-P8;Hypochaeris radicata;0;1;
5;RLP-WIT-REF-P8;Plantago lanceolata;3;1;
5;RLP-WIT-REF-P8;Trifolium repens;0;1;
5;RLP-WIT-REF-P9;Anagallis arvensis;0;1;
5;RLP-WIT-REF-P9;Crepis capillaris;2;1;
5;RLP-WIT-REF-P9;Daucus carota;2;1;
5;RLP-WIT-REF-P9;Plantago lanceolata;3;1;
5;RLP-WIT-REF-P9;Scorzoneroides autumnalis;1;1;
5;RLP-WIT-REF-P9;Trifolium pratense;0;1;
5;RLP-WIT-REF-P9;Trifolium repens;1;1;
